trip_id,timestamp,speed_kmh,acceleration_ms2,braking_force,steering_angle_deg,rpm,throttle_pct,fuel_consumption,distance_km,behavior_label
TRIP_0001,2025-01-25 04:00:06,109.5,0.97,2.83,14.54,3436.35,77.45,10.43,4.32,Normal
TRIP_0001,2025-01-25 04:00:39,77.52,3.16,4.39,13.89,3685.93,52.11,7.54,4.17,Normal
TRIP_0001,2025-01-25 04:01:08,49.76,0.98,4.19,4.5,3972.56,48.16,6.64,2.68,Normal
TRIP_0001,2025-01-25 04:01:37,55.85,3.4,3.97,1.96,2463.73,38.09,8.15,3.07,Normal
TRIP_0001,2025-01-25 04:02:05,68.8,1.76,6.15,18.39,1750.62,67.76,11.24,4.73,Normal
TRIP_0001,2025-01-25 04:02:37,81.87,1.09,6.1,3.59,3293.43,76.29,6.51,2.93,Normal
TRIP_0001,2025-01-25 04:03:03,53.55,1.32,5.33,15.63,2639.85,46.76,7.78,4.12,Normal
TRIP_0001,2025-01-25 04:03:37,64.18,1.11,3.46,15.34,3521.93,56.32,10.05,6.04,Normal
TRIP_0001,2025-01-25 04:04:04,73.9,2.78,2.14,4.08,3260.97,53.56,8.38,3.85,Normal
TRIP_0001,2025-01-25 04:04:30,74.4,1.29,6.8,14.84,2404.35,57.88,6.54,4.29,Normal
TRIP_0002,2025-01-22 05:00:07,108.49,5.41,5.26,26.46,3541.09,67.28,13.76,4.64,Aggressive
TRIP_0002,2025-01-22 05:00:31,126.01,1.98,8.7,28.94,4496.71,59.29,14.96,5.6,Aggressive
TRIP_0002,2025-01-22 05:01:04,106.54,4.76,6.74,28.42,5983.22,90.47,10.1,4.1,Aggressive
TRIP_0002,2025-01-22 05:01:32,104.28,2.13,7.35,28.85,3881.3,76.54,12.12,3.29,Aggressive
TRIP_0002,2025-01-22 05:02:00,109.0,6.67,5.67,8.08,4959.76,60.64,9.63,5.74,Aggressive
TRIP_0002,2025-01-22 05:02:32,76.95,1.75,7.33,16.44,4472.25,69.65,8.42,5.54,Aggressive
TRIP_0002,2025-01-22 05:03:05,107.09,1.18,8.93,19.89,5347.28,73.49,11.25,3.06,Aggressive
TRIP_0002,2025-01-22 05:03:37,59.5,4.28,5.68,33.52,3945.24,73.85,13.01,6.3,Aggressive
TRIP_0002,2025-01-22 05:04:09,97.69,5.25,6.36,22.95,4689.74,97.45,10.42,7.89,Aggressive
TRIP_0002,2025-01-22 05:04:32,85.39,2.08,6.53,43.72,4486.39,65.67,9.41,4.84,Aggressive
TRIP_0003,2025-01-02 04:00:09,93.15,3.32,3.81,9.21,3029.25,78.18,8.61,4.41,Normal
TRIP_0003,2025-01-02 04:00:37,75.16,2.93,4.91,18.2,2482.8,52.45,8.72,3.97,Normal
TRIP_0003,2025-01-02 04:01:00,74.21,1.38,3.69,9.04,2705.32,60.2,8.54,2.81,Normal
TRIP_0003,2025-01-02 04:01:37,82.19,2.63,2.76,8.64,,57.32,7.97,3.62,Normal
TRIP_0003,2025-01-02 04:02:06,85.66,2.23,1.7,14.18,3572.19,60.29,7.06,2.16,Normal
TRIP_0003,2025-01-02 04:02:33,62.15,2.95,3.64,17.12,2864.48,42.64,10.87,4.57,Normal
TRIP_0003,2025-01-02 04:03:02,86.85,4.14,3.49,13.5,3162.26,70.1,9.33,4.0,Normal
TRIP_0003,2025-01-02 04:03:35,73.67,1.49,3.29,13.39,2275.96,33.11,6.92,3.29,Normal
TRIP_0003,2025-01-02 04:04:05,54.71,2.83,2.91,0.75,2712.9,32.1,10.39,3.97,Normal
TRIP_0003,2025-01-02 04:04:38,82.6,3.13,3.19,3.48,2576.53,49.46,4.15,4.64,Normal
TRIP_0004,2025-01-29 18:00:04,67.48,2.29,3.29,13.3,2764.06,43.33,6.65,5.03,Normal
TRIP_0004,2025-01-29 18:00:39,102.85,1.19,2.74,8.4,1938.05,43.69,6.86,3.65,Normal
TRIP_0004,2025-01-29 18:01:05,95.92,0.51,3.03,9.58,3842.34,29.24,8.21,4.54,Normal
TRIP_0004,2025-01-29 18:01:37,87.69,1.53,1.43,20.12,2942.73,64.85,5.61,2.9,Normal
TRIP_0004,2025-01-29 18:02:05,75.14,3.91,4.48,13.16,3798.07,57.21,7.03,4.86,Normal
TRIP_0004,2025-01-29 18:02:38,49.47,2.54,5.59,21.25,2586.05,46.35,8.36,5.55,Normal
TRIP_0004,2025-01-29 18:03:01,72.55,3.15,5.54,13.0,2489.81,46.77,10.23,4.38,Normal
TRIP_0004,2025-01-29 18:03:35,73.05,2.05,6.42,19.64,2565.71,51.4,8.54,5.22,Normal
TRIP_0004,2025-01-29 18:04:06,98.59,2.23,3.71,20.52,3230.37,57.03,5.72,4.71,Normal
TRIP_0004,2025-01-29 18:04:32,,4.03,1.35,21.0,2545.97,56.73,6.87,5.17,Normal
TRIP_0005,2025-01-29 00:00:01,36.34,1.25,1.5,8.14,1929.24,29.39,7.68,3.19,Safe
TRIP_0005,2025-01-29 00:00:31,46.25,0.59,1.37,4.18,2589.28,28.42,4.77,2.02,Safe
TRIP_0005,2025-01-29 00:01:00,58.51,0.69,1.26,6.74,1835.82,20.18,8.37,1.84,Safe
TRIP_0005,2025-01-29 00:01:37,47.47,1.06,2.87,6.41,1892.54,37.21,5.13,1.89,Safe
TRIP_0005,2025-01-29 00:02:09,61.9,1.11,2.08,2.37,1789.23,20.45,3.82,1.8,Safe
TRIP_0005,2025-01-29 00:02:31,50.77,0.57,3.52,6.62,1688.83,28.48,5.12,1.31,Safe
TRIP_0005,2025-01-29 00:03:01,195.01,,2.5,4.42,1938.13,11.78,6.8,2.07,Safe
TRIP_0005,2025-01-29 00:03:37,58.16,1.28,2.29,10.35,2372.59,29.31,5.09,2.32,Safe
TRIP_0005,2025-01-29 00:04:00,34.76,1.4,0.86,5.8,2835.13,17.11,5.85,1.8,Safe
TRIP_0005,2025-01-29 00:04:36,36.0,1.11,1.42,5.78,1978.5,21.81,7.29,2.23,Safe
TRIP_0006,2025-01-25 10:00:01,53.71,0.7,2.09,4.53,,32.04,6.34,1.79,Safe
TRIP_0006,2025-01-25 10:00:32,53.94,0.79,2.29,11.23,2261.34,27.39,7.2,1.8,Safe
TRIP_0006,2025-01-25 10:01:02,57.08,2.1,4.0,0.26,1636.85,17.09,5.25,2.03,Safe
TRIP_0006,2025-01-25 10:01:36,35.21,1.57,2.34,3.75,2189.83,48.17,6.18,2.12,Safe
TRIP_0006,2025-01-25 10:02:00,59.7,1.36,1.65,3.72,1984.47,44.73,5.59,2.13,Safe
TRIP_0006,2025-01-25 10:02:33,72.57,0.53,5.0,5.55,1228.12,26.92,7.33,3.0,Safe
TRIP_0006,2025-01-25 10:03:04,38.22,0.66,0.32,3.18,2228.58,31.7,6.87,1.53,Safe
TRIP_0006,2025-01-25 10:03:33,43.97,1.65,1.37,3.51,2125.65,26.89,4.77,1.45,Safe
TRIP_0006,2025-01-25 10:04:04,63.97,0.65,2.62,3.11,1725.43,31.97,7.05,1.88,Safe
TRIP_0006,2025-01-25 10:04:36,62.7,0.59,0.5,4.22,1662.37,28.81,5.99,1.34,Safe
TRIP_0007,2025-01-07 22:00:00,42.82,1.45,1.33,3.03,2133.62,30.11,8.28,1.19,Safe
TRIP_0007,2025-01-07 22:00:37,75.73,1.03,2.01,4.93,2059.43,28.85,5.43,1.73,Safe
TRIP_0007,2025-01-07 22:01:07,33.49,1.35,2.23,10.45,1539.6,52.37,7.59,1.99,Safe
TRIP_0007,2025-01-07 22:01:37,20.82,0.61,0.89,10.26,2280.7,40.17,6.72,1.44,Safe
TRIP_0007,2025-01-07 22:02:04,55.0,,1.65,4.31,2244.16,22.48,6.23,2.13,Safe
TRIP_0007,2025-01-07 22:02:34,47.24,0.47,1.4,4.23,2408.95,36.16,6.33,2.44,Safe
TRIP_0007,2025-01-07 22:03:00,44.77,1.52,1.3,0.77,1533.01,34.85,4.72,2.88,Safe
TRIP_0007,2025-01-07 22:03:31,46.33,1.24,2.17,2.07,1994.03,32.67,5.94,1.33,Safe
TRIP_0007,2025-01-07 22:04:08,71.55,1.34,1.38,3.75,1613.47,30.81,4.37,2.28,Safe
TRIP_0007,2025-01-07 22:04:38,68.11,0.99,1.1,2.27,1728.03,36.76,5.9,3.15,Safe
TRIP_0008,2025-01-17 22:00:09,128.08,3.26,3.29,15.1,4603.05,72.77,13.65,4.81,Aggressive
TRIP_0008,2025-01-17 22:00:37,,7.95,7.99,26.85,3899.15,82.0,10.85,5.18,Aggressive
TRIP_0008,2025-01-17 22:01:01,90.4,7.45,4.46,11.71,5658.48,67.96,10.11,8.45,Aggressive
TRIP_0008,2025-01-17 22:01:31,112.65,5.46,8.24,9.3,3991.0,72.52,11.85,5.93,Aggressive
TRIP_0008,2025-01-17 22:02:07,113.83,5.93,8.61,34.3,4527.82,75.11,12.53,6.1,Aggressive
TRIP_0008,2025-01-17 22:02:38,108.59,4.31,7.54,12.23,3743.26,85.53,11.92,6.02,Aggressive
TRIP_0008,2025-01-17 22:03:06,,0.5,9.7,37.97,5131.58,54.88,14.04,4.92,Aggressive
TRIP_0008,2025-01-17 22:03:39,94.78,4.2,7.83,5.7,4044.59,85.44,13.74,5.42,Aggressive
TRIP_0008,2025-01-17 22:04:01,114.27,4.07,9.45,18.17,4143.1,,13.84,5.47,Aggressive
TRIP_0008,2025-01-17 22:04:39,94.67,3.0,10.48,26.68,4493.8,73.65,13.57,4.32,Aggressive
TRIP_0009,2025-01-13 10:00:08,76.9,1.75,2.57,10.35,3281.54,31.61,9.25,3.71,Normal
TRIP_0009,2025-01-13 10:00:36,72.5,2.49,4.43,26.73,2681.13,43.63,7.07,2.94,Normal
TRIP_0009,2025-01-13 10:01:05,77.73,3.19,4.14,3.0,3315.72,79.45,8.16,1.79,Normal
TRIP_0009,2025-01-13 10:01:30,75.15,1.62,2.94,7.78,4178.69,61.25,6.74,3.66,Normal
TRIP_0009,2025-01-13 10:02:02,139.14,0.24,3.9,10.87,3062.58,52.76,6.55,2.65,Normal
TRIP_0009,2025-01-13 10:02:39,78.27,2.04,4.06,18.18,3075.68,60.35,8.82,5.52,Normal
TRIP_0009,2025-01-13 10:03:00,73.6,2.31,5.4,14.53,3202.81,58.58,8.75,4.36,Normal
TRIP_0009,2025-01-13 10:03:35,72.92,1.84,3.94,15.34,2729.05,57.67,10.35,3.84,Normal
TRIP_0009,2025-01-13 10:04:01,82.27,0.51,4.04,12.54,3376.65,33.8,10.24,3.71,Normal
TRIP_0009,2025-01-13 10:04:36,78.07,2.05,5.81,3.35,3087.77,54.9,7.72,3.1,Normal
TRIP_0010,2025-01-17 22:00:09,59.57,1.96,7.03,7.56,2147.46,66.59,9.7,3.04,Normal
TRIP_0010,2025-01-17 22:00:36,44.49,1.59,2.16,10.93,3324.32,61.85,9.68,4.81,Normal
TRIP_0010,2025-01-17 22:01:00,76.46,2.24,3.48,21.3,2441.71,35.94,9.41,4.36,Normal
TRIP_0010,2025-01-17 22:01:30,51.23,3.44,3.88,18.7,3171.36,55.48,8.85,3.95,Normal
TRIP_0010,2025-01-17 22:02:02,60.25,2.94,3.76,3.95,2286.94,57.27,5.77,3.82,Normal
TRIP_0010,2025-01-17 22:02:35,46.13,2.56,3.05,17.97,2861.55,49.7,7.74,2.81,Normal
TRIP_0010,2025-01-17 22:03:05,85.35,0.91,4.56,14.87,2987.91,43.15,7.61,3.1,Normal
TRIP_0010,2025-01-17 22:03:35,92.55,2.88,3.67,12.16,3104.19,25.5,7.63,2.82,Normal
TRIP_0010,2025-01-17 22:04:03,49.22,0.89,5.38,15.32,3050.88,46.71,8.32,4.38,Normal
TRIP_0010,2025-01-17 22:04:38,80.47,2.39,5.34,15.81,3524.78,43.58,9.98,3.7,Normal
TRIP_0011,2025-01-22 16:00:08,47.78,0.39,2.65,9.7,1910.51,47.31,4.44,2.53,Safe
TRIP_0011,2025-01-22 16:00:37,48.14,1.52,2.51,0.0,1746.99,29.89,4.63,1.76,Safe
TRIP_0011,2025-01-22 16:01:00,46.63,1.18,1.91,6.51,2115.06,38.25,6.87,2.38,Safe
TRIP_0011,2025-01-22 16:01:31,52.24,1.52,3.68,3.62,2323.6,29.69,5.83,2.44,Safe
TRIP_0011,2025-01-22 16:02:02,41.12,0.32,1.33,0.0,1853.14,34.98,5.52,2.69,Safe
TRIP_0011,2025-01-22 16:02:39,53.24,0.85,0.35,4.85,1952.98,38.5,3.77,2.12,Safe
TRIP_0011,2025-01-22 16:03:05,36.75,1.54,3.05,4.11,2005.07,29.25,4.38,2.77,Safe
TRIP_0011,2025-01-22 16:03:39,29.05,1.13,1.74,8.7,2194.68,18.86,5.16,2.26,Safe
TRIP_0011,2025-01-22 16:04:08,33.63,1.6,3.49,5.53,1859.69,44.33,6.17,2.54,Safe
TRIP_0011,2025-01-22 16:04:33,49.28,0.98,2.73,5.16,2219.79,29.35,6.08,1.0,Safe
TRIP_0012,2025-01-21 15:00:03,118.33,4.52,9.0,0.0,5961.86,73.6,14.22,3.44,Aggressive
TRIP_0012,2025-01-21 15:00:36,48.83,3.36,5.56,29.84,5063.63,62.81,11.9,5.29,Aggressive
TRIP_0012,2025-01-21 15:01:09,104.02,5.58,9.21,36.87,4947.11,63.57,15.27,3.28,Aggressive
TRIP_0012,2025-01-21 15:01:31,98.72,4.49,7.64,29.22,5629.6,79.54,11.51,6.45,Aggressive
TRIP_0012,2025-01-21 15:02:05,118.03,3.79,6.27,32.53,4276.31,84.48,13.96,3.0,Aggressive
TRIP_0012,2025-01-21 15:02:30,74.44,1.53,5.23,40.53,3413.09,71.96,9.41,4.1,Aggressive
TRIP_0012,2025-01-21 15:03:02,109.02,2.43,7.01,41.2,4935.68,75.58,12.18,3.23,Aggressive
TRIP_0012,2025-01-21 15:03:33,127.69,4.85,8.19,33.53,5031.25,77.81,12.21,4.91,Aggressive
TRIP_0012,2025-01-21 15:04:04,72.05,3.86,7.78,13.9,5934.43,77.78,12.12,6.15,Aggressive
TRIP_0012,2025-01-21 15:04:39,130.29,5.16,5.79,9.13,4406.01,73.41,10.06,5.83,Aggressive
TRIP_0013,2025-01-25 12:00:07,88.66,4.79,6.71,32.96,4833.9,52.23,12.49,8.38,Aggressive
TRIP_0013,2025-01-25 12:00:39,109.99,2.06,9.3,21.99,4307.27,82.51,13.49,3.95,Aggressive
TRIP_0013,2025-01-25 12:01:02,108.71,5.34,8.17,31.81,4328.64,63.72,11.11,4.12,Aggressive
TRIP_0013,2025-01-25 12:01:30,96.29,3.81,7.09,23.53,5174.72,97.11,10.89,2.95,Aggressive
TRIP_0013,2025-01-25 12:02:08,83.93,6.46,10.36,19.46,4898.29,91.28,11.24,4.69,Aggressive
TRIP_0013,2025-01-25 12:02:30,67.37,6.37,4.13,12.78,3784.3,,12.99,6.45,Aggressive
TRIP_0013,2025-01-25 12:03:04,112.63,1.67,4.81,32.33,3549.92,73.11,11.71,4.21,Aggressive
TRIP_0013,2025-01-25 12:03:32,94.79,6.59,7.19,18.19,3806.52,81.29,10.17,5.12,Aggressive
TRIP_0013,2025-01-25 12:04:00,53.29,3.25,5.49,32.89,4045.94,77.73,13.63,3.97,Aggressive
TRIP_0013,2025-01-25 12:04:34,110.07,4.87,4.86,16.1,4007.0,72.61,12.17,6.06,Aggressive
TRIP_0014,2025-01-08 17:00:06,54.49,0.73,3.69,10.68,2007.84,10.25,6.89,0.85,Safe
TRIP_0014,2025-01-08 17:00:37,67.74,1.13,1.64,3.65,1836.12,37.85,6.71,2.06,Safe
TRIP_0014,2025-01-08 17:01:05,59.12,0.2,1.48,7.8,1760.14,32.81,6.95,0.5,Safe
TRIP_0014,2025-01-08 17:01:33,40.61,0.93,0.79,6.8,2459.23,39.75,5.79,2.75,Safe
TRIP_0014,2025-01-08 17:02:01,51.49,0.83,1.39,4.09,1883.55,31.36,6.16,2.0,Safe
TRIP_0014,2025-01-08 17:02:36,44.07,0.75,2.95,6.28,2263.12,35.39,7.71,1.47,Safe
TRIP_0014,2025-01-08 17:03:05,48.24,1.38,1.42,0.0,1836.13,33.13,4.52,2.09,Safe
TRIP_0014,2025-01-08 17:03:34,48.78,0.78,2.82,1.08,1477.15,29.96,5.61,2.28,Safe
TRIP_0014,2025-01-08 17:04:02,,0.19,3.47,4.37,1799.28,38.32,5.39,2.91,Safe
TRIP_0014,2025-01-08 17:04:39,49.12,1.08,2.59,6.53,1270.49,29.22,4.49,1.86,Safe
TRIP_0015,2025-01-08 10:00:02,43.96,0.96,3.09,6.73,1269.83,31.49,6.24,1.99,Safe
TRIP_0015,2025-01-08 10:00:32,39.53,1.27,3.19,7.16,2298.81,,4.58,2.75,Safe
TRIP_0015,2025-01-08 10:01:00,41.39,0.56,2.96,4.84,1765.69,27.04,4.99,1.97,Safe
TRIP_0015,2025-01-08 10:01:31,46.35,0.58,0.96,0.0,2616.86,21.17,5.78,1.86,Safe
TRIP_0015,2025-01-08 10:02:07,57.46,0.82,2.3,0.02,1627.6,34.84,4.71,2.12,Safe
TRIP_0015,2025-01-08 10:02:35,,1.45,3.73,5.9,2096.75,24.54,4.8,1.98,Safe
TRIP_0015,2025-01-08 10:03:05,73.0,1.54,0.1,5.24,2543.41,34.99,6.33,2.45,Safe
TRIP_0015,2025-01-08 10:03:37,47.5,0.99,2.83,2.22,2386.39,26.62,6.26,1.3,Safe
TRIP_0015,2025-01-08 10:04:06,149.91,1.47,2.69,0.0,2359.07,30.66,6.31,2.16,Safe
TRIP_0015,2025-01-08 10:04:34,35.5,0.45,1.55,2.54,1754.84,13.25,6.59,2.17,Safe
TRIP_0016,2025-01-20 18:00:05,34.74,1.63,1.45,12.67,1830.73,31.48,7.54,3.0,Safe
TRIP_0016,2025-01-20 18:00:37,60.24,1.3,2.78,3.35,1754.54,29.97,5.83,1.77,Safe
TRIP_0016,2025-01-20 18:01:05,55.53,0.75,0.0,6.11,2108.34,25.37,5.36,1.34,Safe
TRIP_0016,2025-01-20 18:01:38,51.9,1.29,3.86,1.77,1895.12,32.09,7.15,1.85,Safe
TRIP_0016,2025-01-20 18:02:08,53.56,1.02,2.51,2.43,2506.1,43.39,6.43,2.1,Safe
TRIP_0016,2025-01-20 18:02:32,45.34,0.2,2.51,3.4,1649.02,7.02,5.97,2.89,Safe
TRIP_0016,2025-01-20 18:03:08,45.36,0.83,2.73,4.48,1904.3,29.85,6.89,1.65,Safe
TRIP_0016,2025-01-20 18:03:35,61.6,0.88,1.28,3.55,2315.92,46.27,4.69,1.45,Safe
TRIP_0016,2025-01-20 18:04:05,52.47,1.04,2.7,5.29,1967.14,25.17,6.88,1.54,Safe
TRIP_0016,2025-01-20 18:04:31,54.46,0.65,1.44,1.81,2092.12,28.95,5.18,1.92,Safe
TRIP_0017,2025-01-13 06:00:00,60.12,0.0,2.24,9.29,1598.64,34.41,5.76,2.58,Safe
TRIP_0017,2025-01-13 06:00:35,54.37,1.45,0.0,1.97,2185.75,46.46,6.02,1.64,Safe
TRIP_0017,2025-01-13 06:01:09,28.67,0.98,2.13,8.2,2238.63,36.47,5.03,2.23,Safe
TRIP_0017,2025-01-13 06:01:38,65.83,1.19,3.83,11.06,1919.46,,5.24,1.24,Safe
TRIP_0017,2025-01-13 06:02:06,60.38,1.25,3.31,3.3,1450.77,31.61,6.36,2.68,Safe
TRIP_0017,2025-01-13 06:02:36,38.58,1.27,2.05,7.87,2605.95,15.36,6.38,1.44,Safe
TRIP_0017,2025-01-13 06:03:01,50.27,0.36,1.57,5.27,2406.82,23.64,5.45,2.47,Safe
TRIP_0017,2025-01-13 06:03:35,41.41,1.57,1.99,5.91,2110.26,25.07,6.39,1.61,Safe
TRIP_0017,2025-01-13 06:04:03,55.8,1.16,2.19,3.94,2101.55,27.64,6.17,2.66,Safe
TRIP_0017,2025-01-13 06:04:38,63.17,0.94,0.0,3.18,2389.1,29.82,5.0,1.75,Safe
TRIP_0018,2025-01-10 07:00:00,,1.59,3.01,0.0,3381.8,65.08,5.72,4.74,Normal
TRIP_0018,2025-01-10 07:00:32,65.24,1.32,4.7,5.96,2887.87,,7.5,3.93,Normal
TRIP_0018,2025-01-10 07:01:04,77.71,2.18,4.53,14.94,3317.36,63.32,8.61,3.26,Normal
TRIP_0018,2025-01-10 07:01:36,64.31,0.86,2.03,8.52,2524.07,46.36,9.96,3.12,Normal
TRIP_0018,2025-01-10 07:02:00,66.67,2.42,3.35,16.5,3097.99,53.8,9.33,2.97,Normal
TRIP_0018,2025-01-10 07:02:33,75.09,1.35,2.63,12.55,2057.4,46.44,5.59,4.28,Normal
TRIP_0018,2025-01-10 07:03:08,76.42,2.9,5.35,13.29,3367.15,42.21,8.12,3.03,Normal
TRIP_0018,2025-01-10 07:03:31,97.91,2.86,2.79,7.71,3860.93,48.99,7.23,3.53,Normal
TRIP_0018,2025-01-10 07:04:01,72.84,3.0,0.0,16.07,2672.96,28.03,8.77,4.87,Normal
TRIP_0018,2025-01-10 07:04:35,94.18,3.31,6.46,16.45,3037.72,30.78,7.63,2.66,Normal
TRIP_0019,2025-01-21 17:00:01,66.89,0.25,5.36,10.71,3403.28,52.47,7.72,1.91,Normal
TRIP_0019,2025-01-21 17:00:30,61.56,4.28,2.07,0.0,3481.33,78.36,8.45,3.79,Normal
TRIP_0019,2025-01-21 17:01:06,74.79,3.34,1.19,12.69,2919.93,58.06,8.32,2.75,Normal
TRIP_0019,2025-01-21 17:01:32,72.93,2.99,3.9,8.46,3740.28,41.49,8.52,4.27,Normal
TRIP_0019,2025-01-21 17:02:00,62.75,2.15,6.42,17.38,2865.73,39.31,4.77,2.78,Normal
TRIP_0019,2025-01-21 17:02:37,68.03,2.08,3.66,8.1,3084.33,55.3,6.36,4.91,Normal
TRIP_0019,2025-01-21 17:03:09,52.89,2.01,4.68,5.55,3104.96,70.24,8.84,4.42,Normal
TRIP_0019,2025-01-21 17:03:30,67.21,1.23,3.74,3.09,3523.97,45.98,6.89,3.33,Normal
TRIP_0019,2025-01-21 17:04:05,66.01,3.43,4.79,14.93,2090.35,41.68,5.25,4.67,Normal
TRIP_0019,2025-01-21 17:04:33,78.65,0.0,2.1,12.27,2797.89,51.55,8.34,1.38,Normal
TRIP_0020,2025-01-18 16:00:00,62.22,,3.51,11.11,2008.39,33.35,4.23,1.27,Safe
TRIP_0020,2025-01-18 16:00:34,55.61,0.85,2.7,4.0,2351.94,32.96,5.89,2.22,Safe
TRIP_0020,2025-01-18 16:01:05,38.06,1.07,3.73,11.69,2191.42,,4.2,1.73,Safe
TRIP_0020,2025-01-18 16:01:32,50.3,0.34,0.89,7.24,2051.25,40.08,6.29,1.41,Safe
TRIP_0020,2025-01-18 16:02:01,24.7,0.86,,10.88,1631.14,33.97,5.53,1.95,Safe
TRIP_0020,2025-01-18 16:02:33,66.64,1.78,1.41,0.0,1796.44,30.61,5.64,2.98,Safe
TRIP_0020,2025-01-18 16:03:05,48.75,0.41,1.99,6.17,2076.58,38.37,4.55,1.58,Safe
TRIP_0020,2025-01-18 16:03:37,70.82,0.42,1.78,7.02,2160.92,32.46,3.8,1.14,Safe
TRIP_0020,2025-01-18 16:04:03,48.93,1.7,0.98,2.62,1669.32,23.2,6.72,1.57,Safe
TRIP_0020,2025-01-18 16:04:35,61.24,1.47,1.23,6.22,1708.5,18.96,5.37,2.43,Safe
TRIP_0021,2025-01-03 14:00:02,61.97,2.86,4.77,16.29,3210.69,42.87,9.05,4.68,Normal
TRIP_0021,2025-01-03 14:00:33,60.71,2.31,6.31,7.82,3480.93,36.47,11.16,4.28,Normal
TRIP_0021,2025-01-03 14:01:01,,2.79,3.8,2.29,3223.7,40.93,6.35,4.14,Normal
TRIP_0021,2025-01-03 14:01:32,82.44,1.81,3.6,0.0,3317.71,35.13,8.09,3.78,Normal
TRIP_0021,2025-01-03 14:02:08,59.47,2.58,5.02,14.44,3650.37,47.76,11.08,4.32,Normal
TRIP_0021,2025-01-03 14:02:31,82.65,2.56,4.35,20.22,2422.19,50.78,6.89,4.39,Normal
TRIP_0021,2025-01-03 14:03:01,75.03,1.05,3.06,12.09,3477.55,37.61,6.71,4.63,Normal
TRIP_0021,2025-01-03 14:03:30,72.77,0.95,4.31,18.36,2060.22,35.73,8.28,3.96,Normal
TRIP_0021,2025-01-03 14:04:06,33.42,1.87,6.13,17.56,3482.7,64.83,8.13,3.7,Normal
TRIP_0021,2025-01-03 14:04:34,103.62,1.59,0.36,11.82,2963.48,63.34,8.43,2.67,Normal
TRIP_0022,2025-01-20 04:00:08,52.2,0.34,3.62,3.14,2280.14,27.4,6.84,2.65,Safe
TRIP_0022,2025-01-20 04:00:36,34.46,1.41,2.38,2.29,1739.1,39.0,4.81,2.82,Safe
TRIP_0022,2025-01-20 04:01:05,41.92,1.08,2.11,4.07,2154.32,34.72,5.07,2.05,Safe
TRIP_0022,2025-01-20 04:01:34,51.76,1.04,2.66,4.17,2274.21,22.41,7.41,1.72,Safe
TRIP_0022,2025-01-20 04:02:00,54.38,1.01,2.67,6.78,1893.79,25.41,6.1,2.77,Safe
TRIP_0022,2025-01-20 04:02:34,51.65,1.03,,5.73,1933.04,41.92,4.4,1.59,Safe
TRIP_0022,2025-01-20 04:03:08,51.5,1.32,1.29,4.87,2254.73,44.18,8.13,2.22,Safe
TRIP_0022,2025-01-20 04:03:35,37.4,0.69,1.62,4.05,2384.49,34.46,4.89,2.12,Safe
TRIP_0022,2025-01-20 04:04:07,61.23,1.26,1.85,6.25,2090.31,43.96,6.17,1.81,Safe
TRIP_0022,2025-01-20 04:04:31,39.11,0.92,2.04,6.75,2001.14,16.99,5.47,2.11,Safe
TRIP_0023,2025-01-26 03:00:01,,1.1,4.29,0.33,1982.72,38.99,6.3,2.34,Safe
TRIP_0023,2025-01-26 03:00:31,45.71,1.29,0.4,6.39,2607.29,19.09,6.19,1.67,Safe
TRIP_0023,2025-01-26 03:01:03,55.35,1.38,3.36,2.02,2157.79,29.03,5.91,2.2,Safe
TRIP_0023,2025-01-26 03:01:33,71.41,0.35,1.04,6.42,2445.23,32.84,5.69,2.0,Safe
TRIP_0023,2025-01-26 03:02:09,180.28,1.23,3.39,5.2,1746.59,,6.88,1.89,Safe
TRIP_0023,2025-01-26 03:02:35,57.44,0.91,1.35,8.96,2425.88,25.2,4.13,2.5,Safe
TRIP_0023,2025-01-26 03:03:03,62.45,0.04,3.13,4.18,2146.15,35.26,6.44,1.57,Safe
TRIP_0023,2025-01-26 03:03:33,34.6,1.99,2.55,12.9,1758.47,37.66,6.78,1.85,Safe
TRIP_0023,2025-01-26 03:04:07,64.2,0.73,0.58,5.64,1742.0,21.76,5.57,2.04,Safe
TRIP_0023,2025-01-26 03:04:33,56.77,0.82,1.1,4.73,2269.83,35.96,7.06,1.76,Safe
TRIP_0024,2025-01-19 06:00:06,67.49,2.67,6.5,26.61,2675.09,51.61,10.05,2.66,Normal
TRIP_0024,2025-01-19 06:00:36,53.69,0.91,5.02,5.11,3333.16,55.55,5.41,2.82,Normal
TRIP_0024,2025-01-19 06:01:08,57.19,1.08,3.46,7.06,3352.68,40.99,6.24,3.64,Normal
TRIP_0024,2025-01-19 06:01:36,97.03,2.38,4.72,8.58,3284.24,51.26,5.62,4.29,Normal
TRIP_0024,2025-01-19 06:02:04,91.85,2.31,2.73,15.23,2975.7,55.38,7.47,3.12,Normal
TRIP_0024,2025-01-19 06:02:35,73.45,2.5,5.0,14.53,3419.47,42.59,7.16,2.4,Normal
TRIP_0024,2025-01-19 06:03:03,81.06,3.14,6.45,0.0,2908.55,26.42,4.35,3.64,Normal
TRIP_0024,2025-01-19 06:03:30,69.1,2.45,5.16,5.99,3096.6,65.84,10.73,3.54,Normal
TRIP_0024,2025-01-19 06:04:02,,2.23,5.58,20.96,3483.74,43.27,6.83,3.5,Normal
TRIP_0024,2025-01-19 06:04:36,88.18,2.26,3.45,12.86,2111.88,54.9,6.46,2.15,Normal
TRIP_0025,2025-01-05 06:00:04,60.56,3.53,3.2,1.76,2441.74,64.83,7.77,2.95,Normal
TRIP_0025,2025-01-05 06:00:33,86.76,3.45,3.46,4.04,2793.27,53.12,6.55,2.54,Normal
TRIP_0025,2025-01-05 06:01:08,69.59,1.73,4.58,12.23,2331.15,52.87,5.98,3.87,Normal
TRIP_0025,2025-01-05 06:01:36,57.57,1.34,1.38,11.23,3474.22,34.57,8.13,3.9,Normal
TRIP_0025,2025-01-05 06:02:05,68.25,1.28,3.4,23.22,3057.31,39.49,10.06,4.46,Normal
TRIP_0025,2025-01-05 06:02:39,99.23,1.44,5.17,27.14,4077.67,38.27,5.83,4.93,Normal
TRIP_0025,2025-01-05 06:03:00,70.66,1.74,3.51,2.26,2945.12,55.97,7.42,3.92,Normal
TRIP_0025,2025-01-05 06:03:35,117.89,1.86,4.47,13.14,2197.27,44.73,10.52,3.01,Normal
TRIP_0025,2025-01-05 06:04:00,15.43,2.54,,15.9,3529.74,56.15,7.89,3.26,Normal
TRIP_0025,2025-01-05 06:04:31,68.99,1.28,5.02,20.92,2709.97,52.87,8.75,3.97,Normal
TRIP_0026,2025-01-25 18:00:07,109.64,2.14,8.74,33.87,3965.7,75.38,13.37,4.69,Aggressive
TRIP_0026,2025-01-25 18:00:38,117.07,3.42,9.0,22.63,5238.27,79.36,18.52,4.92,Aggressive
TRIP_0026,2025-01-25 18:01:01,89.01,5.29,6.23,24.55,4517.77,55.8,11.97,3.97,Aggressive
TRIP_0026,2025-01-25 18:01:30,90.14,6.17,4.49,33.13,4304.73,72.2,13.58,5.51,Aggressive
TRIP_0026,2025-01-25 18:02:03,127.19,3.64,10.74,5.14,5100.23,66.33,11.01,5.85,Aggressive
TRIP_0026,2025-01-25 18:02:34,77.09,1.95,8.42,25.09,5245.41,53.6,9.2,5.02,Aggressive
TRIP_0026,2025-01-25 18:03:09,93.52,5.2,2.27,14.45,2874.86,64.34,10.47,7.22,Aggressive
TRIP_0026,2025-01-25 18:03:30,112.39,4.62,9.92,26.61,4761.99,56.61,10.02,2.33,Aggressive
TRIP_0026,2025-01-25 18:04:02,85.81,2.11,6.57,21.92,6198.7,79.33,9.24,4.15,Aggressive
TRIP_0026,2025-01-25 18:04:37,120.43,7.13,3.83,6.2,5809.68,78.9,10.26,5.8,Aggressive
TRIP_0027,2025-01-22 00:00:05,46.41,1.03,2.13,5.9,2227.3,29.94,6.35,1.98,Safe
TRIP_0027,2025-01-22 00:00:34,57.49,1.55,2.54,9.0,2125.66,36.91,6.94,1.89,Safe
TRIP_0027,2025-01-22 00:01:09,52.81,1.88,2.37,6.17,1984.06,39.79,7.1,1.69,Safe
TRIP_0027,2025-01-22 00:01:32,46.38,1.61,1.67,4.97,2527.28,21.41,4.66,1.96,Safe
TRIP_0027,2025-01-22 00:02:03,43.93,1.11,3.2,3.52,1437.03,34.96,5.36,1.41,Safe
TRIP_0027,2025-01-22 00:02:36,43.95,0.0,2.9,8.82,2195.46,20.9,5.8,2.0,Safe
TRIP_0027,2025-01-22 00:03:07,42.66,,2.46,9.37,2211.35,36.31,6.08,2.71,Safe
TRIP_0027,2025-01-22 00:03:34,56.69,0.54,3.58,1.7,1655.25,17.12,5.51,1.66,Safe
TRIP_0027,2025-01-22 00:04:04,57.84,1.16,3.86,8.33,1972.28,20.26,5.01,2.47,Safe
TRIP_0027,2025-01-22 00:04:38,42.42,0.66,2.85,4.53,1588.29,30.25,6.22,1.76,Safe
TRIP_0028,2025-01-28 15:00:00,83.9,0.9,4.15,11.68,2289.0,63.26,6.77,2.89,Normal
TRIP_0028,2025-01-28 15:00:33,79.21,2.53,4.52,11.83,,58.37,7.04,3.96,Normal
TRIP_0028,2025-01-28 15:01:04,65.01,2.49,3.19,12.4,2382.33,63.98,9.01,3.21,Normal
TRIP_0028,2025-01-28 15:01:35,73.51,,4.89,17.37,3301.23,62.5,7.98,3.31,Normal
TRIP_0028,2025-01-28 15:02:00,65.56,3.1,2.45,18.68,3017.56,36.69,5.37,1.97,Normal
TRIP_0028,2025-01-28 15:02:33,96.53,1.51,1.97,8.68,3351.82,51.91,7.69,4.06,Normal
TRIP_0028,2025-01-28 15:03:04,86.78,2.55,5.04,21.58,2966.93,42.16,9.78,4.67,Normal
TRIP_0028,2025-01-28 15:03:36,73.03,2.65,4.24,9.08,3804.19,54.26,7.47,4.78,Normal
TRIP_0028,2025-01-28 15:04:05,99.81,1.47,3.5,14.05,3777.08,60.25,8.62,3.96,Normal
TRIP_0028,2025-01-28 15:04:32,76.58,2.13,4.32,17.81,3222.31,62.49,8.26,3.2,Normal
TRIP_0029,2025-01-07 11:00:03,68.89,1.55,4.29,7.45,2434.69,57.47,8.94,2.7,Normal
TRIP_0029,2025-01-07 11:00:38,73.8,2.82,3.95,14.73,2741.79,47.64,7.69,2.75,Normal
TRIP_0029,2025-01-07 11:01:09,67.35,0.45,3.26,10.29,2871.91,47.1,7.91,3.98,Normal
TRIP_0029,2025-01-07 11:01:37,78.15,0.78,3.33,18.54,2322.86,37.96,8.3,3.79,Normal
TRIP_0029,2025-01-07 11:02:07,41.23,1.85,6.03,13.69,3118.21,37.24,6.25,3.52,Normal
TRIP_0029,2025-01-07 11:02:36,68.79,1.17,5.37,8.7,2941.62,42.37,10.61,3.18,Normal
TRIP_0029,2025-01-07 11:03:02,72.61,0.96,4.02,9.89,4052.92,45.28,10.76,4.09,Normal
TRIP_0029,2025-01-07 11:03:38,65.9,3.05,3.21,0.21,2754.22,54.14,8.39,2.24,Normal
TRIP_0029,2025-01-07 11:04:09,66.04,3.0,2.68,17.77,3116.3,47.36,4.14,3.25,Normal
TRIP_0029,2025-01-07 11:04:35,71.01,2.45,3.47,6.02,2733.84,64.34,8.17,2.66,Normal
TRIP_0030,2025-01-11 20:00:04,55.2,0.51,1.32,2.97,1891.81,34.31,6.3,2.19,Safe
TRIP_0030,2025-01-11 20:00:30,48.58,0.41,1.29,4.21,2248.74,29.78,5.34,1.63,Safe
TRIP_0030,2025-01-11 20:01:06,58.65,1.76,2.08,9.84,2107.92,31.35,7.46,1.56,Safe
TRIP_0030,2025-01-11 20:01:34,37.82,1.33,1.62,11.08,1870.13,32.52,4.57,2.41,Safe
TRIP_0030,2025-01-11 20:02:08,47.13,1.14,1.95,3.73,1829.05,32.64,4.48,2.38,Safe
TRIP_0030,2025-01-11 20:02:30,37.46,1.23,2.1,3.07,1653.04,34.85,7.13,2.09,Safe
TRIP_0030,2025-01-11 20:03:07,43.6,0.92,3.53,5.41,1789.18,20.36,6.51,2.1,Safe
TRIP_0030,2025-01-11 20:03:30,39.05,1.27,2.87,0.52,2048.29,50.27,6.68,1.88,Safe
TRIP_0030,2025-01-11 20:04:03,54.7,1.97,1.19,0.0,1800.73,37.05,5.57,1.59,Safe
TRIP_0030,2025-01-11 20:04:39,59.97,0.77,2.64,4.43,2097.22,20.82,6.09,0.5,Safe
TRIP_0031,2025-01-22 11:00:05,88.09,2.78,4.7,21.13,2525.54,70.97,9.4,3.26,Normal
TRIP_0031,2025-01-22 11:00:36,54.35,0.94,3.78,6.32,3073.77,50.92,9.53,3.79,Normal
TRIP_0031,2025-01-22 11:01:04,73.44,3.71,3.91,0.9,3390.17,30.5,6.19,3.26,Normal
TRIP_0031,2025-01-22 11:01:34,63.83,1.87,2.63,13.13,3033.41,62.92,6.89,5.16,Normal
TRIP_0031,2025-01-22 11:02:03,68.16,2.09,2.3,26.47,3758.2,57.23,8.11,3.29,Normal
TRIP_0031,2025-01-22 11:02:36,73.87,0.76,4.5,11.07,2046.1,39.68,7.38,5.39,Normal
TRIP_0031,2025-01-22 11:03:00,77.29,0.45,5.62,9.17,2953.18,,6.07,2.1,Normal
TRIP_0031,2025-01-22 11:03:30,52.24,2.2,3.34,18.24,,60.03,7.55,3.23,Normal
TRIP_0031,2025-01-22 11:04:00,56.95,1.34,3.79,7.45,3320.2,51.79,6.36,2.68,Normal
TRIP_0031,2025-01-22 11:04:31,70.88,2.45,3.49,13.02,2518.63,47.52,8.92,3.66,Normal
TRIP_0032,2025-01-15 06:00:02,57.15,0.0,3.16,3.99,2127.65,39.58,4.63,1.65,Safe
TRIP_0032,2025-01-15 06:00:33,67.35,0.57,1.44,5.61,1639.36,26.83,6.32,1.83,Safe
TRIP_0032,2025-01-15 06:01:09,34.86,1.16,3.75,5.06,2067.58,35.54,4.73,2.85,Safe
TRIP_0032,2025-01-15 06:01:31,38.34,0.0,2.3,7.26,1880.98,27.87,6.0,2.79,Safe
TRIP_0032,2025-01-15 06:02:07,32.78,1.18,1.86,5.61,2045.94,37.93,6.54,2.42,Safe
TRIP_0032,2025-01-15 06:02:33,42.78,0.67,2.27,5.91,1678.44,28.61,7.49,1.27,Safe
TRIP_0032,2025-01-15 06:03:09,50.73,0.83,3.28,8.26,2133.05,20.79,5.28,1.49,Safe
TRIP_0032,2025-01-15 06:03:38,46.72,0.83,3.5,3.57,1747.86,28.2,4.87,2.17,Safe
TRIP_0032,2025-01-15 06:04:04,46.26,0.75,1.41,4.68,2025.04,25.84,5.64,1.96,Safe
TRIP_0032,2025-01-15 06:04:35,43.09,1.52,2.82,1.85,2287.46,14.27,8.43,2.65,Safe
TRIP_0033,2025-01-30 12:00:06,43.7,1.03,3.21,4.19,1822.75,35.24,6.64,1.73,Safe
TRIP_0033,2025-01-30 12:00:33,30.15,0.69,2.68,2.67,1996.72,24.74,4.07,1.66,Safe
TRIP_0033,2025-01-30 12:01:03,52.52,0.41,2.61,7.14,1948.42,28.64,5.19,1.33,Safe
TRIP_0033,2025-01-30 12:01:31,65.68,0.57,2.53,1.59,2157.02,27.4,5.69,2.31,Safe
TRIP_0033,2025-01-30 12:02:02,58.62,1.17,,6.07,1713.79,30.88,6.13,1.81,Safe
TRIP_0033,2025-01-30 12:02:35,38.03,1.45,2.89,10.49,1877.09,35.7,8.28,1.69,Safe
TRIP_0033,2025-01-30 12:03:01,65.4,1.55,4.23,5.03,1983.04,26.94,5.34,1.8,Safe
TRIP_0033,2025-01-30 12:03:36,56.63,0.64,2.59,3.81,1864.07,37.16,6.9,2.84,Safe
TRIP_0033,2025-01-30 12:04:01,32.8,1.91,2.92,2.7,2218.67,21.7,6.62,1.34,Safe
TRIP_0033,2025-01-30 12:04:39,57.61,0.37,1.64,4.18,1802.86,32.74,4.41,2.85,Safe
TRIP_0034,2025-01-09 14:00:09,96.29,3.52,7.15,22.27,5510.3,52.94,10.91,3.69,Aggressive
TRIP_0034,2025-01-09 14:00:31,132.44,6.93,5.45,25.01,4637.41,67.02,13.26,4.64,Aggressive
TRIP_0034,2025-01-09 14:01:07,117.62,5.05,8.75,20.03,5412.86,93.39,13.68,3.79,Aggressive
TRIP_0034,2025-01-09 14:01:34,123.73,6.15,6.52,25.46,3866.77,86.73,13.33,7.91,Aggressive
TRIP_0034,2025-01-09 14:02:00,108.06,4.43,10.07,18.43,4235.71,77.77,9.4,3.86,Aggressive
TRIP_0034,2025-01-09 14:02:37,102.46,5.39,6.11,36.95,4121.82,61.54,9.74,4.91,Aggressive
TRIP_0034,2025-01-09 14:03:06,99.37,4.41,9.14,25.91,4106.64,85.15,10.36,2.55,Aggressive
TRIP_0034,2025-01-09 14:03:35,133.16,5.18,9.7,17.35,3947.6,78.46,8.84,5.71,Aggressive
TRIP_0034,2025-01-09 14:04:02,135.22,4.0,4.64,29.49,5960.23,64.85,11.28,5.62,Aggressive
TRIP_0034,2025-01-09 14:04:39,63.87,4.29,4.89,15.39,4970.83,87.02,10.5,4.93,Aggressive
TRIP_0035,2025-01-02 23:00:05,64.87,4.27,10.15,8.91,3823.95,79.27,12.08,5.62,Aggressive
TRIP_0035,2025-01-02 23:00:37,86.01,5.74,7.09,31.97,4724.19,76.75,13.25,5.28,Aggressive
TRIP_0035,2025-01-02 23:01:09,113.58,3.79,,21.59,4799.82,75.77,10.81,4.75,Aggressive
TRIP_0035,2025-01-02 23:01:33,80.44,4.0,6.73,35.6,5559.34,89.82,7.47,3.6,Aggressive
TRIP_0035,2025-01-02 23:02:08,103.45,4.77,11.89,19.58,3242.28,89.9,10.33,4.46,Aggressive
TRIP_0035,2025-01-02 23:02:31,102.17,3.37,5.02,31.89,4415.07,70.92,10.29,3.46,Aggressive
TRIP_0035,2025-01-02 23:03:08,68.46,2.8,6.85,24.24,5880.78,61.14,13.01,7.23,Aggressive
TRIP_0035,2025-01-02 23:03:35,145.43,3.39,7.98,30.7,4636.84,74.01,12.87,1.5,Aggressive
TRIP_0035,2025-01-02 23:04:04,107.97,3.27,3.91,36.53,4752.36,60.27,14.38,2.6,Aggressive
TRIP_0035,2025-01-02 23:04:35,95.59,3.6,10.24,22.39,4314.75,61.37,10.72,3.77,Aggressive
TRIP_0036,2025-01-02 03:00:01,108.88,5.65,7.93,38.46,4865.58,74.02,16.54,6.33,Aggressive
TRIP_0036,2025-01-02 03:00:36,91.82,3.97,7.87,29.27,4017.73,84.15,12.31,6.85,Aggressive
TRIP_0036,2025-01-02 03:01:06,75.67,3.68,5.97,19.52,4123.23,73.64,12.57,1.5,Aggressive
TRIP_0036,2025-01-02 03:01:37,83.42,3.07,6.54,24.88,4533.8,70.7,12.4,5.01,Aggressive
TRIP_0036,2025-01-02 03:02:04,142.07,4.89,6.02,33.21,3353.68,76.2,12.64,5.2,Aggressive
TRIP_0036,2025-01-02 03:02:31,80.76,4.75,6.68,20.82,4170.54,89.5,13.91,7.75,Aggressive
TRIP_0036,2025-01-02 03:03:08,130.6,5.0,5.15,9.02,4271.09,72.87,12.99,4.2,Aggressive
TRIP_0036,2025-01-02 03:03:36,93.47,2.87,6.35,39.47,5526.52,87.7,11.08,6.36,Aggressive
TRIP_0036,2025-01-02 03:04:05,98.45,6.64,9.73,32.45,4380.79,75.4,13.06,4.22,Aggressive
TRIP_0036,2025-01-02 03:04:30,108.7,4.71,5.41,29.24,5395.66,52.83,13.01,1.5,Aggressive
TRIP_0037,2025-01-23 05:00:02,39.99,0.86,3.37,1.49,1211.88,25.83,7.14,1.13,Safe
TRIP_0037,2025-01-23 05:00:30,38.93,1.29,0.94,2.86,1944.95,16.64,6.05,1.95,Safe
TRIP_0037,2025-01-23 05:01:04,63.76,1.16,2.69,9.4,1666.53,29.71,5.47,1.22,Safe
TRIP_0037,2025-01-23 05:01:38,44.45,0.51,2.84,4.48,1905.59,28.41,5.32,1.84,Safe
TRIP_0037,2025-01-23 05:02:04,41.09,0.97,2.85,11.36,2173.83,9.91,5.96,2.02,Safe
TRIP_0037,2025-01-23 05:02:31,52.24,1.45,1.7,8.94,2096.24,31.55,4.73,2.14,Safe
TRIP_0037,2025-01-23 05:03:07,41.85,0.47,4.12,8.99,2576.11,20.22,6.07,1.35,Safe
TRIP_0037,2025-01-23 05:03:37,62.4,0.8,3.07,6.81,2691.09,18.16,7.26,2.57,Safe
TRIP_0037,2025-01-23 05:04:09,41.66,1.34,2.35,2.24,1882.56,28.73,5.61,1.32,Safe
TRIP_0037,2025-01-23 05:04:37,50.15,0.71,2.48,5.6,2363.84,33.84,5.8,1.63,Safe
TRIP_0038,2025-01-09 10:00:06,48.28,0.91,1.6,4.54,2577.86,21.62,5.19,2.69,Safe
TRIP_0038,2025-01-09 10:00:35,60.35,0.29,2.82,5.14,2139.44,33.57,5.37,2.53,Safe
TRIP_0038,2025-01-09 10:01:00,62.38,1.69,1.73,6.39,1892.15,50.03,6.78,2.04,Safe
TRIP_0038,2025-01-09 10:01:39,44.35,1.21,2.33,5.43,1659.68,39.84,8.22,2.0,Safe
TRIP_0038,2025-01-09 10:02:02,46.08,0.91,1.17,4.67,1671.77,36.05,6.95,1.65,Safe
TRIP_0038,2025-01-09 10:02:30,42.4,1.09,3.27,9.46,1579.18,38.05,5.94,1.98,Safe
TRIP_0038,2025-01-09 10:03:09,36.55,1.11,2.09,10.42,1741.94,48.36,6.38,2.19,Safe
TRIP_0038,2025-01-09 10:03:32,54.73,1.47,1.02,9.22,2108.42,34.87,5.78,1.54,Safe
TRIP_0038,2025-01-09 10:04:05,59.1,0.81,2.76,1.89,2287.62,32.74,5.91,2.07,Safe
TRIP_0038,2025-01-09 10:04:38,46.3,0.82,1.49,4.88,1934.16,22.11,5.85,1.68,Safe
TRIP_0039,2025-01-16 02:00:08,46.7,3.75,6.1,9.71,3255.11,,6.51,5.33,Normal
TRIP_0039,2025-01-16 02:00:39,88.3,2.8,5.29,9.19,3556.85,26.66,9.7,3.43,Normal
TRIP_0039,2025-01-16 02:01:03,42.79,2.11,4.83,16.22,3297.39,54.42,6.61,4.27,Normal
TRIP_0039,2025-01-16 02:01:33,37.34,2.18,6.14,3.16,2707.04,53.95,9.88,3.05,Normal
TRIP_0039,2025-01-16 02:02:04,84.41,2.57,4.47,14.58,2952.55,50.42,7.18,3.54,Normal
TRIP_0039,2025-01-16 02:02:31,73.72,0.37,4.43,8.62,2289.42,,7.21,4.53,Normal
TRIP_0039,2025-01-16 02:03:05,71.73,0.88,3.56,4.27,2550.62,25.96,8.4,5.19,Normal
TRIP_0039,2025-01-16 02:03:31,54.16,0.94,2.62,9.05,2807.6,53.46,6.66,3.82,Normal
TRIP_0039,2025-01-16 02:04:02,68.61,0.71,3.04,14.52,2603.03,16.71,7.52,3.26,Normal
TRIP_0039,2025-01-16 02:04:30,60.41,1.11,2.72,3.22,3466.37,23.2,8.73,2.63,Normal
TRIP_0040,2025-01-06 10:00:00,91.69,2.02,5.19,19.8,3081.7,35.65,7.67,2.76,Normal
TRIP_0040,2025-01-06 10:00:36,83.52,3.06,4.05,23.3,3015.98,65.51,7.35,5.83,Normal
TRIP_0040,2025-01-06 10:01:02,52.36,2.49,5.77,14.89,2898.74,43.66,9.55,2.08,Normal
TRIP_0040,2025-01-06 10:01:36,78.06,2.92,1.64,13.9,3230.22,49.13,9.18,5.42,Normal
TRIP_0040,2025-01-06 10:02:08,94.09,2.16,2.67,15.69,1899.17,22.42,8.5,1.16,Normal
TRIP_0040,2025-01-06 10:02:38,53.35,3.15,4.21,8.53,2697.92,33.4,7.2,3.24,Normal
TRIP_0040,2025-01-06 10:03:01,48.45,1.42,3.19,18.41,3086.65,38.52,10.47,4.13,Normal
TRIP_0040,2025-01-06 10:03:31,72.1,3.0,1.91,12.95,2451.32,32.28,6.89,4.69,Normal
TRIP_0040,2025-01-06 10:04:03,95.07,3.76,3.78,9.92,2246.56,49.95,10.93,3.37,Normal
TRIP_0040,2025-01-06 10:04:30,61.36,0.0,5.05,10.48,3756.67,54.78,7.19,4.57,Normal
TRIP_0041,2025-01-24 20:00:09,61.94,0.72,2.16,6.71,2235.43,34.97,5.67,2.55,Safe
TRIP_0041,2025-01-24 20:00:39,48.41,0.69,0.97,12.2,1883.38,48.81,4.86,2.33,Safe
TRIP_0041,2025-01-24 20:01:06,45.32,0.99,1.16,4.23,1290.53,35.69,7.23,2.23,Safe
TRIP_0041,2025-01-24 20:01:39,68.56,1.11,1.65,0.17,1921.2,27.31,6.96,2.23,Safe
TRIP_0041,2025-01-24 20:02:03,69.08,0.96,1.75,8.28,2120.66,,5.36,3.83,Safe
TRIP_0041,2025-01-24 20:02:31,60.08,0.73,0.35,9.52,2349.38,29.3,6.85,1.82,Safe
TRIP_0041,2025-01-24 20:03:06,46.71,1.18,0.79,4.25,2094.34,44.7,4.83,2.26,Safe
TRIP_0041,2025-01-24 20:03:34,56.81,1.25,2.41,5.59,1736.36,38.66,6.9,1.46,Safe
TRIP_0041,2025-01-24 20:04:06,43.92,1.18,2.31,0.0,2604.58,40.33,5.6,1.45,Safe
TRIP_0041,2025-01-24 20:04:33,40.01,1.11,2.37,3.12,1835.81,21.93,5.55,1.99,Safe
TRIP_0042,2025-01-01 07:00:07,59.67,1.58,5.23,15.57,3418.11,41.13,8.21,1.08,Normal
TRIP_0042,2025-01-01 07:00:31,76.65,0.3,4.83,10.83,,59.84,9.77,2.64,Normal
TRIP_0042,2025-01-01 07:01:05,78.95,1.77,4.04,10.38,2946.94,70.46,11.59,3.88,Normal
TRIP_0042,2025-01-01 07:01:37,92.47,1.87,3.58,21.74,3358.9,43.57,8.25,3.46,Normal
TRIP_0042,2025-01-01 07:02:06,68.81,1.42,3.28,16.18,2741.15,48.94,11.25,2.08,Normal
TRIP_0042,2025-01-01 07:02:37,83.38,2.27,3.25,3.53,,80.0,8.22,1.67,Normal
TRIP_0042,2025-01-01 07:03:01,52.73,0.0,2.79,17.74,3258.47,47.34,7.97,2.81,Normal
TRIP_0042,2025-01-01 07:03:34,54.05,1.31,2.57,12.22,3180.61,52.69,8.34,5.17,Normal
TRIP_0042,2025-01-01 07:04:01,63.78,2.94,3.31,14.47,2314.32,51.99,6.54,4.44,Normal
TRIP_0042,2025-01-01 07:04:39,100.74,1.71,1.58,7.33,2477.93,54.56,6.15,2.96,Normal
TRIP_0043,2025-01-18 18:00:06,46.37,0.0,1.61,4.08,2190.1,24.41,7.68,1.04,Safe
TRIP_0043,2025-01-18 18:00:38,24.44,1.07,3.35,9.49,1930.45,19.39,7.37,1.97,Safe
TRIP_0043,2025-01-18 18:01:05,40.89,0.39,3.02,7.31,2194.81,36.49,5.84,1.69,Safe
TRIP_0043,2025-01-18 18:01:35,62.12,0.75,3.05,4.44,1797.13,21.25,5.41,2.71,Safe
TRIP_0043,2025-01-18 18:02:01,41.59,1.37,1.85,4.04,1618.57,29.21,4.84,1.16,Safe
TRIP_0043,2025-01-18 18:02:32,67.96,1.4,2.64,0.13,2035.79,29.46,6.29,1.82,Safe
TRIP_0043,2025-01-18 18:03:07,51.5,0.02,1.89,8.45,2166.67,12.76,5.55,2.87,Safe
TRIP_0043,2025-01-18 18:03:33,57.95,1.54,1.05,4.46,1905.88,33.36,5.46,2.47,Safe
TRIP_0043,2025-01-18 18:04:00,61.46,0.95,1.05,3.19,1882.12,24.23,5.85,2.75,Safe
TRIP_0043,2025-01-18 18:04:34,54.6,0.91,0.67,4.82,1970.33,37.81,5.03,2.49,Safe
TRIP_0044,2025-01-03 06:00:08,92.98,2.09,6.86,32.25,4860.54,57.56,12.5,3.66,Aggressive
TRIP_0044,2025-01-03 06:00:30,117.93,4.03,6.87,39.96,5180.94,76.18,11.6,2.44,Aggressive
TRIP_0044,2025-01-03 06:01:08,86.48,1.64,5.41,26.49,4356.34,63.27,8.59,5.11,Aggressive
TRIP_0044,2025-01-03 06:01:31,96.81,4.65,,26.47,4275.68,75.25,11.32,2.54,Aggressive
TRIP_0044,2025-01-03 06:02:00,108.37,3.51,6.85,23.52,4282.74,68.99,12.53,4.03,Aggressive
TRIP_0044,2025-01-03 06:02:37,103.55,0.85,5.8,35.98,3869.7,80.92,10.37,6.16,Aggressive
TRIP_0044,2025-01-03 06:03:06,41.91,4.89,7.14,29.71,5239.91,76.99,15.26,5.93,Aggressive
TRIP_0044,2025-01-03 06:03:31,92.15,3.09,10.28,31.1,4680.2,65.29,13.61,9.34,Aggressive
TRIP_0044,2025-01-03 06:04:06,98.8,4.74,7.58,5.04,3715.13,84.29,11.74,4.21,Aggressive
TRIP_0044,2025-01-03 06:04:38,101.7,6.39,7.24,40.17,5341.44,80.92,11.29,6.56,Aggressive
TRIP_0045,2025-01-29 07:00:05,53.3,1.0,1.28,0.42,2287.74,34.56,4.28,1.63,Safe
TRIP_0045,2025-01-29 07:00:35,44.33,0.44,2.81,11.56,1885.33,24.56,5.25,1.66,Safe
TRIP_0045,2025-01-29 07:01:09,50.04,0.88,1.78,8.06,1453.96,25.88,5.11,2.68,Safe
TRIP_0045,2025-01-29 07:01:38,81.84,1.19,1.59,8.02,1661.75,39.02,6.15,1.83,Safe
TRIP_0045,2025-01-29 07:02:03,52.24,0.9,0.9,4.49,2078.19,32.39,6.16,1.54,Safe
TRIP_0045,2025-01-29 07:02:39,54.73,0.68,0.34,6.51,1380.98,27.46,6.94,2.1,Safe
TRIP_0045,2025-01-29 07:03:09,45.49,1.87,1.95,3.67,2121.72,28.46,6.35,1.58,Safe
TRIP_0045,2025-01-29 07:03:38,31.96,1.24,0.77,4.51,2277.82,18.02,6.6,1.85,Safe
TRIP_0045,2025-01-29 07:04:00,52.77,1.6,1.4,11.29,1842.31,30.26,5.33,2.11,Safe
TRIP_0045,2025-01-29 07:04:39,45.3,0.19,2.19,2.32,2927.79,18.28,4.79,2.43,Safe
TRIP_0046,2025-01-05 01:00:04,75.71,1.42,1.93,18.43,2355.77,56.71,9.38,3.37,Normal
TRIP_0046,2025-01-05 01:00:34,72.19,2.59,4.77,16.92,3162.17,43.61,9.26,2.14,Normal
TRIP_0046,2025-01-05 01:01:03,91.88,1.82,6.49,18.63,2768.52,33.29,8.41,2.89,Normal
TRIP_0046,2025-01-05 01:01:32,45.2,2.26,5.14,16.85,2318.23,55.03,9.81,3.84,Normal
TRIP_0046,2025-01-05 01:02:01,81.65,1.94,1.92,18.25,2626.48,50.52,7.9,3.73,Normal
TRIP_0046,2025-01-05 01:02:39,86.87,3.27,2.51,17.52,2619.29,45.51,7.52,3.61,Normal
TRIP_0046,2025-01-05 01:03:03,69.93,2.37,4.59,15.65,4388.14,50.48,6.9,1.48,Normal
TRIP_0046,2025-01-05 01:03:35,78.28,2.68,1.09,7.43,2560.87,51.2,8.72,5.0,Normal
TRIP_0046,2025-01-05 01:04:03,64.05,0.75,3.8,15.39,3036.13,37.22,7.75,3.28,Normal
TRIP_0046,2025-01-05 01:04:38,86.42,0.29,5.12,20.39,3778.69,56.24,6.41,4.13,Normal
TRIP_0047,2025-01-13 00:00:09,53.83,0.6,0.85,6.4,2560.17,39.95,6.71,2.49,Safe
TRIP_0047,2025-01-13 00:00:35,56.38,1.22,2.9,0.89,2059.85,29.35,6.08,1.77,Safe
TRIP_0047,2025-01-13 00:01:06,44.66,0.67,2.86,4.96,1861.75,27.01,6.0,2.81,Safe
TRIP_0047,2025-01-13 00:01:30,54.52,0.86,0.12,7.79,1992.41,40.21,4.33,1.85,Safe
TRIP_0047,2025-01-13 00:02:00,52.93,0.63,1.95,6.47,2045.26,33.04,5.07,1.7,Safe
TRIP_0047,2025-01-13 00:02:35,58.34,0.08,4.4,13.02,1945.85,22.59,7.69,1.83,Safe
TRIP_0047,2025-01-13 00:03:03,45.12,1.54,2.5,11.23,2354.04,39.15,4.61,2.38,Safe
TRIP_0047,2025-01-13 00:03:34,54.23,0.0,1.77,1.74,1684.53,25.79,5.99,1.89,Safe
TRIP_0047,2025-01-13 00:04:09,39.09,1.4,1.82,5.41,2038.13,30.7,7.52,1.32,Safe
TRIP_0047,2025-01-13 00:04:36,51.35,0.61,1.88,2.26,2191.15,19.29,7.06,1.96,Safe
TRIP_0048,2025-01-02 10:00:01,55.62,2.87,6.17,3.44,3139.15,46.34,9.05,2.28,Normal
TRIP_0048,2025-01-02 10:00:39,66.34,2.43,2.97,6.94,3111.12,50.93,8.01,4.36,Normal
TRIP_0048,2025-01-02 10:01:05,71.1,1.86,1.78,12.67,2674.85,57.42,7.39,3.26,Normal
TRIP_0048,2025-01-02 10:01:32,52.35,3.82,3.15,16.99,3104.74,38.19,7.99,4.28,Normal
TRIP_0048,2025-01-02 10:02:09,72.38,1.38,4.0,21.91,3112.39,37.79,9.45,3.86,Normal
TRIP_0048,2025-01-02 10:02:39,55.34,2.84,3.55,12.49,2330.74,60.36,4.98,2.84,Normal
TRIP_0048,2025-01-02 10:03:07,79.21,1.13,2.16,19.72,3076.97,56.23,9.53,1.0,Normal
TRIP_0048,2025-01-02 10:03:36,60.56,2.44,3.46,15.57,2979.58,52.02,7.26,2.44,Normal
TRIP_0048,2025-01-02 10:04:04,65.39,3.2,4.9,9.63,2701.24,73.38,5.83,3.44,Normal
TRIP_0048,2025-01-02 10:04:36,26.48,2.37,3.4,7.77,3397.13,67.6,9.03,2.98,Normal
TRIP_0049,2025-01-23 15:00:06,72.74,2.58,3.85,17.6,2339.9,47.95,7.62,3.39,Normal
TRIP_0049,2025-01-23 15:00:38,72.96,2.4,4.84,0.0,2382.58,61.49,6.61,3.7,Normal
TRIP_0049,2025-01-23 15:01:03,67.32,0.15,2.69,10.85,2775.51,50.1,5.93,3.04,Normal
TRIP_0049,2025-01-23 15:01:36,76.7,2.39,3.39,12.72,2600.0,46.76,6.42,4.57,Normal
TRIP_0049,2025-01-23 15:02:01,84.27,2.53,3.71,10.81,3255.08,65.27,8.19,3.03,Normal
TRIP_0049,2025-01-23 15:02:38,55.57,2.33,4.1,5.17,3604.97,63.23,6.28,2.86,Normal
TRIP_0049,2025-01-23 15:03:01,192.07,1.44,3.31,16.62,3063.21,35.87,10.81,4.48,Normal
TRIP_0049,2025-01-23 15:03:36,83.04,0.95,1.48,18.33,3428.05,56.9,6.78,3.86,Normal
TRIP_0049,2025-01-23 15:04:09,52.17,1.95,2.43,14.84,3145.47,61.49,6.81,3.53,Normal
TRIP_0049,2025-01-23 15:04:38,77.78,2.5,4.0,14.49,3802.17,46.58,8.21,2.41,Normal
TRIP_0050,2025-01-21 23:00:03,61.04,0.87,1.76,3.78,1839.57,32.36,4.5,2.64,Safe
TRIP_0050,2025-01-21 23:00:33,47.26,0.76,3.11,2.73,1859.25,39.87,5.45,1.95,Safe
TRIP_0050,2025-01-21 23:01:02,54.97,0.58,1.6,5.8,2408.2,30.21,6.02,2.37,Safe
TRIP_0050,2025-01-21 23:01:33,63.36,1.19,3.08,3.31,1867.0,28.71,8.14,2.66,Safe
TRIP_0050,2025-01-21 23:02:05,34.95,1.21,1.93,9.36,1780.02,27.52,5.12,1.74,Safe
TRIP_0050,2025-01-21 23:02:30,49.48,0.93,4.15,10.5,1774.73,13.65,5.9,2.19,Safe
TRIP_0050,2025-01-21 23:03:08,32.08,0.99,1.67,5.55,1647.61,35.87,4.16,1.95,Safe
TRIP_0050,2025-01-21 23:03:34,56.59,0.6,2.31,4.26,2396.12,23.0,6.63,1.86,Safe
TRIP_0050,2025-01-21 23:04:00,34.17,1.06,3.57,6.67,1968.26,29.68,3.0,1.79,Safe
TRIP_0050,2025-01-21 23:04:35,46.22,1.07,2.05,9.47,1756.85,26.28,5.17,1.28,Safe
TRIP_0051,2025-01-27 07:00:09,119.56,1.73,9.79,34.69,3061.89,98.53,12.64,4.28,Aggressive
TRIP_0051,2025-01-27 07:00:35,110.38,2.53,8.09,17.07,5914.25,75.6,13.3,3.82,Aggressive
TRIP_0051,2025-01-27 07:01:05,116.33,3.98,4.18,22.61,,83.59,11.24,2.2,Aggressive
TRIP_0051,2025-01-27 07:01:30,100.89,5.89,12.0,36.38,4182.82,70.07,13.74,2.47,Aggressive
TRIP_0051,2025-01-27 07:02:06,95.0,2.68,5.57,22.56,4225.08,72.66,11.96,4.96,Aggressive
TRIP_0051,2025-01-27 07:02:35,90.66,3.06,6.15,30.0,4640.71,70.77,13.5,4.74,Aggressive
TRIP_0051,2025-01-27 07:03:02,60.29,3.74,8.32,35.46,4734.12,81.75,11.4,4.24,Aggressive
TRIP_0051,2025-01-27 07:03:39,107.62,3.33,5.2,31.03,3931.65,72.25,10.21,5.46,Aggressive
TRIP_0051,2025-01-27 07:04:01,100.97,0.66,6.65,24.98,2809.03,75.24,9.97,2.25,Aggressive
TRIP_0051,2025-01-27 07:04:36,133.27,,8.17,39.14,4813.18,69.99,11.1,5.36,Aggressive
TRIP_0052,2025-01-06 04:00:07,94.75,2.64,6.86,35.26,3534.15,75.88,13.83,4.87,Aggressive
TRIP_0052,2025-01-06 04:00:35,94.19,3.11,4.21,37.83,6043.87,86.99,9.48,6.18,Aggressive
TRIP_0052,2025-01-06 04:01:05,109.78,3.32,10.06,28.65,3857.99,81.7,14.12,5.3,Aggressive
TRIP_0052,2025-01-06 04:01:38,95.0,3.21,4.85,35.36,5348.33,85.31,11.83,4.97,Aggressive
TRIP_0052,2025-01-06 04:02:06,130.57,3.88,4.98,4.14,3469.57,61.26,14.76,5.17,Aggressive
TRIP_0052,2025-01-06 04:02:33,81.69,5.71,4.83,19.38,3213.27,81.14,12.5,4.16,Aggressive
TRIP_0052,2025-01-06 04:03:00,97.33,2.85,10.84,18.43,5297.03,63.49,11.29,5.75,Aggressive
TRIP_0052,2025-01-06 04:03:35,89.22,1.6,9.93,20.22,4702.31,82.02,12.62,3.94,Aggressive
TRIP_0052,2025-01-06 04:04:06,85.32,3.79,10.2,32.34,4506.15,72.62,12.15,4.23,Aggressive
TRIP_0052,2025-01-06 04:04:39,57.91,7.06,7.31,28.98,4459.46,67.65,11.63,2.6,Aggressive
TRIP_0053,2025-01-13 01:00:07,125.76,4.02,4.53,37.54,5011.7,80.38,13.43,8.59,Aggressive
TRIP_0053,2025-01-13 01:00:32,106.2,4.78,7.51,25.04,,69.79,15.77,3.61,Aggressive
TRIP_0053,2025-01-13 01:01:00,99.71,1.3,5.67,5.94,4800.42,83.32,11.56,5.43,Aggressive
TRIP_0053,2025-01-13 01:01:30,105.96,7.15,6.87,21.47,5229.23,66.57,10.77,4.09,Aggressive
TRIP_0053,2025-01-13 01:02:08,113.98,3.49,8.48,33.64,4042.54,83.43,13.87,2.36,Aggressive
TRIP_0053,2025-01-13 01:02:34,112.19,1.67,7.4,26.01,4528.9,85.37,12.67,7.22,Aggressive
TRIP_0053,2025-01-13 01:03:08,120.61,5.5,8.56,12.65,4219.66,71.6,8.58,4.16,Aggressive
TRIP_0053,2025-01-13 01:03:31,112.54,3.58,7.9,12.91,4150.2,73.97,9.45,3.75,Aggressive
TRIP_0053,2025-01-13 01:04:00,99.61,4.99,8.58,29.55,3581.69,67.12,11.46,2.79,Aggressive
TRIP_0053,2025-01-13 01:04:38,108.0,4.3,4.94,25.46,3748.42,75.81,11.04,8.81,Aggressive
TRIP_0054,2025-01-04 16:00:05,93.45,3.18,9.51,24.72,4141.83,67.28,12.34,4.46,Aggressive
TRIP_0054,2025-01-04 16:00:30,94.85,3.9,8.38,18.16,4308.39,74.86,12.3,5.15,Aggressive
TRIP_0054,2025-01-04 16:01:09,126.97,5.07,7.37,10.49,5020.9,88.87,13.14,4.95,Aggressive
TRIP_0054,2025-01-04 16:01:34,91.5,,7.38,36.99,5058.64,63.23,11.8,6.48,Aggressive
TRIP_0054,2025-01-04 16:02:09,101.14,4.68,7.49,4.07,3696.48,82.61,13.72,6.25,Aggressive
TRIP_0054,2025-01-04 16:02:34,98.16,4.02,8.59,34.74,4147.5,73.49,10.47,3.31,Aggressive
TRIP_0054,2025-01-04 16:03:06,79.8,4.86,6.83,25.7,3601.55,87.6,12.65,7.43,Aggressive
TRIP_0054,2025-01-04 16:03:37,109.2,4.34,5.43,11.06,5194.23,76.79,12.51,4.07,Aggressive
TRIP_0054,2025-01-04 16:04:00,80.26,2.74,4.85,20.21,5136.51,90.26,7.15,4.43,Aggressive
TRIP_0054,2025-01-04 16:04:30,138.0,0.98,1.82,45.62,5027.4,69.29,12.34,5.36,Aggressive
TRIP_0055,2025-01-07 16:00:09,61.07,2.14,4.53,24.09,3481.73,70.87,5.98,3.15,Normal
TRIP_0055,2025-01-07 16:00:35,63.91,0.0,5.98,13.02,3221.87,44.32,8.8,5.33,Normal
TRIP_0055,2025-01-07 16:01:03,75.98,1.13,7.32,14.35,3338.24,46.77,6.81,3.67,Normal
TRIP_0055,2025-01-07 16:01:35,77.7,0.62,3.17,13.61,2135.85,49.78,6.74,4.1,Normal
TRIP_0055,2025-01-07 16:02:01,55.51,1.46,3.3,3.1,2591.16,36.39,7.38,2.76,Normal
TRIP_0055,2025-01-07 16:02:30,63.35,3.22,3.03,17.89,3648.04,44.4,9.32,2.17,Normal
TRIP_0055,2025-01-07 16:03:07,73.96,3.22,4.78,26.44,3287.18,45.62,12.26,5.13,Normal
TRIP_0055,2025-01-07 16:03:39,79.15,0.0,5.02,5.52,3138.5,66.29,9.23,4.72,Normal
TRIP_0055,2025-01-07 16:04:09,47.22,1.09,3.28,3.58,3184.65,55.22,6.65,2.68,Normal
TRIP_0055,2025-01-07 16:04:33,26.57,1.91,3.35,10.03,2494.1,59.73,11.64,2.67,Normal
TRIP_0056,2025-01-21 12:00:02,127.99,4.55,7.07,21.56,4441.75,86.5,9.72,4.59,Aggressive
TRIP_0056,2025-01-21 12:00:38,77.55,3.73,8.46,31.63,5182.59,78.84,13.1,5.51,Aggressive
TRIP_0056,2025-01-21 12:01:02,67.81,2.95,3.37,30.37,5357.83,73.17,9.99,3.54,Aggressive
TRIP_0056,2025-01-21 12:01:35,144.48,6.46,11.81,29.37,3867.89,65.0,14.79,5.08,Aggressive
TRIP_0056,2025-01-21 12:02:02,119.99,2.65,7.52,24.75,4389.0,70.13,13.24,1.5,Aggressive
TRIP_0056,2025-01-21 12:02:33,108.16,4.53,9.55,26.98,3919.62,58.95,11.3,2.06,Aggressive
TRIP_0056,2025-01-21 12:03:06,87.43,3.56,5.62,25.42,4334.73,71.72,7.15,3.06,Aggressive
TRIP_0056,2025-01-21 12:03:38,63.22,2.78,9.14,17.82,4421.96,89.42,11.28,4.24,Aggressive
TRIP_0056,2025-01-21 12:04:08,125.09,4.59,8.51,33.21,3753.32,75.5,11.34,6.57,Aggressive
TRIP_0056,2025-01-21 12:04:39,65.4,1.73,4.34,3.22,4010.41,76.62,12.21,5.22,Aggressive
TRIP_0057,2025-01-18 11:00:08,52.4,1.37,0.11,5.93,1643.67,26.82,6.53,2.05,Safe
TRIP_0057,2025-01-18 11:00:34,187.33,0.4,1.82,0.0,1981.96,19.31,7.16,2.06,Safe
TRIP_0057,2025-01-18 11:01:00,,0.4,2.93,4.73,1946.72,35.25,6.96,1.99,Safe
TRIP_0057,2025-01-18 11:01:39,51.37,1.7,4.0,4.39,2105.59,37.84,6.77,2.38,Safe
TRIP_0057,2025-01-18 11:02:03,54.19,1.18,0.0,3.42,1790.72,22.37,5.58,1.44,Safe
TRIP_0057,2025-01-18 11:02:37,48.24,1.1,4.01,6.91,1557.81,23.64,6.69,2.21,Safe
TRIP_0057,2025-01-18 11:03:06,39.64,0.9,1.96,6.98,2327.06,24.02,4.03,1.99,Safe
TRIP_0057,2025-01-18 11:03:30,48.38,1.01,1.81,3.81,1799.75,36.04,7.0,1.96,Safe
TRIP_0057,2025-01-18 11:04:04,41.2,0.27,0.0,5.3,1934.78,38.25,6.61,2.15,Safe
TRIP_0057,2025-01-18 11:04:36,68.67,1.5,1.54,7.34,1879.37,,5.1,1.82,Safe
TRIP_0058,2025-01-28 19:00:03,41.18,1.66,1.68,0.0,1848.28,39.41,6.34,2.2,Safe
TRIP_0058,2025-01-28 19:00:32,67.99,1.43,1.75,7.02,1873.92,30.89,6.44,1.79,Safe
TRIP_0058,2025-01-28 19:01:08,34.17,0.42,0.85,7.41,2464.75,36.32,5.76,2.17,Safe
TRIP_0058,2025-01-28 19:01:31,48.4,2.25,0.94,3.94,1630.27,37.62,7.69,2.83,Safe
TRIP_0058,2025-01-28 19:02:01,45.85,1.32,2.17,12.82,2068.97,25.88,6.64,2.31,Safe
TRIP_0058,2025-01-28 19:02:37,44.72,1.44,0.25,4.26,2298.46,29.25,8.17,1.13,Safe
TRIP_0058,2025-01-28 19:03:08,50.31,1.35,3.09,7.07,2081.94,22.01,6.0,1.73,Safe
TRIP_0058,2025-01-28 19:03:32,46.77,1.01,2.64,3.24,2058.32,38.19,5.0,0.84,Safe
TRIP_0058,2025-01-28 19:04:02,34.8,1.47,2.22,6.51,1898.05,22.92,7.16,2.16,Safe
TRIP_0058,2025-01-28 19:04:35,48.53,0.01,2.35,11.2,1926.83,28.58,5.13,2.24,Safe
TRIP_0059,2025-01-15 01:00:03,43.42,1.17,1.95,9.67,2122.84,41.1,6.11,1.91,Safe
TRIP_0059,2025-01-15 01:00:38,53.9,0.92,1.68,0.0,1718.01,33.81,7.72,1.95,Safe
TRIP_0059,2025-01-15 01:01:08,56.71,1.59,4.54,1.98,2039.19,26.18,6.84,2.14,Safe
TRIP_0059,2025-01-15 01:01:34,63.33,1.29,1.68,6.63,2022.46,40.55,4.07,1.8,Safe
TRIP_0059,2025-01-15 01:02:01,21.05,0.99,3.56,9.19,2113.17,25.67,6.49,1.87,Safe
TRIP_0059,2025-01-15 01:02:32,63.78,0.66,1.95,2.23,2002.21,18.17,5.51,1.28,Safe
TRIP_0059,2025-01-15 01:03:03,32.7,1.67,4.5,5.14,1807.67,52.59,4.68,2.01,Safe
TRIP_0059,2025-01-15 01:03:36,41.43,0.63,0.29,4.25,2235.72,40.83,5.76,2.25,Safe
TRIP_0059,2025-01-15 01:04:06,45.44,1.75,2.39,6.48,2132.7,30.36,7.53,0.85,Safe
TRIP_0059,2025-01-15 01:04:37,51.46,1.56,0.11,7.51,1771.65,30.88,5.22,2.48,Safe
TRIP_0060,2025-01-29 01:00:08,59.74,1.15,1.23,10.7,2026.1,21.71,6.86,2.2,Safe
TRIP_0060,2025-01-29 01:00:37,43.68,0.06,0.67,9.88,1802.01,38.66,5.64,2.62,Safe
TRIP_0060,2025-01-29 01:01:05,30.12,0.05,1.19,10.67,1876.83,31.16,7.3,2.06,Safe
TRIP_0060,2025-01-29 01:01:37,50.76,1.31,2.29,4.7,1783.57,30.63,7.09,2.89,Safe
TRIP_0060,2025-01-29 01:02:02,27.31,0.9,1.1,6.02,1503.09,25.9,6.97,1.66,Safe
TRIP_0060,2025-01-29 01:02:39,30.95,1.13,1.41,4.44,1781.04,45.8,4.44,3.42,Safe
TRIP_0060,2025-01-29 01:03:02,44.25,0.69,1.22,6.8,1576.76,32.91,3.82,2.14,Safe
TRIP_0060,2025-01-29 01:03:36,62.9,1.02,1.07,0.0,2458.85,38.33,6.3,2.74,Safe
TRIP_0060,2025-01-29 01:04:02,80.98,0.87,2.51,3.05,2088.57,28.09,5.59,2.91,Safe
TRIP_0060,2025-01-29 01:04:34,56.23,0.59,2.13,4.63,1708.23,30.29,6.19,2.97,Safe
TRIP_0061,2025-01-27 19:00:09,54.27,1.11,3.36,5.72,3411.06,36.61,8.03,5.5,Normal
TRIP_0061,2025-01-27 19:00:36,97.86,3.25,4.85,10.14,2988.66,49.14,7.4,3.71,Normal
TRIP_0061,2025-01-27 19:01:04,74.7,2.67,5.01,22.62,2140.93,35.57,8.99,2.39,Normal
TRIP_0061,2025-01-27 19:01:36,40.79,1.11,1.11,12.96,3396.8,54.92,6.6,2.89,Normal
TRIP_0061,2025-01-27 19:02:07,50.07,1.76,2.58,14.47,3649.35,80.0,8.51,4.15,Normal
TRIP_0061,2025-01-27 19:02:34,,1.72,4.11,19.34,2865.69,68.01,8.86,3.96,Normal
TRIP_0061,2025-01-27 19:03:03,57.74,2.32,0.39,20.35,3336.15,31.99,5.78,5.17,Normal
TRIP_0061,2025-01-27 19:03:32,63.14,2.11,4.19,17.44,3046.5,51.23,8.77,4.37,Normal
TRIP_0061,2025-01-27 19:04:04,32.53,2.31,7.14,11.79,2005.09,41.9,7.72,2.4,Normal
TRIP_0061,2025-01-27 19:04:30,72.63,2.21,2.66,15.15,2564.51,41.69,8.13,6.01,Normal
TRIP_0062,2025-01-27 18:00:07,51.71,0.0,1.36,7.05,1661.46,36.65,6.16,2.5,Safe
TRIP_0062,2025-01-27 18:00:34,55.65,1.0,1.93,9.71,2181.24,14.08,6.8,2.35,Safe
TRIP_0062,2025-01-27 18:01:09,78.92,1.14,1.16,8.97,2407.24,44.33,8.09,2.35,Safe
TRIP_0062,2025-01-27 18:01:34,47.08,0.8,3.24,5.0,2291.43,35.41,4.9,1.14,Safe
TRIP_0062,2025-01-27 18:02:08,53.25,1.22,3.53,3.48,1985.29,34.41,5.13,2.11,Safe
TRIP_0062,2025-01-27 18:02:37,45.54,2.03,1.19,11.32,2010.47,19.0,7.37,2.06,Safe
TRIP_0062,2025-01-27 18:03:02,35.53,1.63,1.2,0.35,2300.15,26.19,6.95,1.54,Safe
TRIP_0062,2025-01-27 18:03:33,38.35,1.07,2.29,1.4,2135.95,31.87,7.01,2.61,Safe
TRIP_0062,2025-01-27 18:04:08,61.9,1.51,0.0,4.34,2180.61,25.88,4.91,3.06,Safe
TRIP_0062,2025-01-27 18:04:34,55.38,1.15,1.0,6.56,2259.06,31.37,7.15,1.39,Safe
TRIP_0063,2025-01-21 20:00:05,108.42,5.88,8.28,21.63,4431.43,87.3,12.22,4.44,Aggressive
TRIP_0063,2025-01-21 20:00:34,98.83,4.67,7.4,35.94,4835.3,66.39,16.36,5.29,Aggressive
TRIP_0063,2025-01-21 20:01:08,81.49,3.66,5.94,25.88,5205.65,75.71,12.32,3.41,Aggressive
TRIP_0063,2025-01-21 20:01:38,67.32,3.36,8.0,16.09,3501.22,75.69,13.73,2.46,Aggressive
TRIP_0063,2025-01-21 20:02:04,103.36,,8.02,30.16,4433.37,74.24,10.49,5.73,Aggressive
TRIP_0063,2025-01-21 20:02:36,125.92,4.85,2.52,25.06,5103.38,61.57,13.5,5.59,Aggressive
TRIP_0063,2025-01-21 20:03:07,135.32,8.0,10.08,29.81,6124.7,81.03,10.18,4.94,Aggressive
TRIP_0063,2025-01-21 20:03:30,129.15,5.21,10.21,29.69,3791.22,77.24,14.4,4.8,Aggressive
TRIP_0063,2025-01-21 20:04:00,114.78,5.92,6.11,23.57,4538.53,70.24,12.45,7.37,Aggressive
TRIP_0063,2025-01-21 20:04:34,86.38,1.18,8.21,8.72,3944.69,79.33,11.0,5.24,Aggressive
TRIP_0064,2025-01-11 22:00:07,72.45,1.05,6.53,8.18,3689.21,47.99,5.65,2.36,Normal
TRIP_0064,2025-01-11 22:00:34,61.18,2.23,2.3,14.1,2552.32,62.75,11.51,2.64,Normal
TRIP_0064,2025-01-11 22:01:01,89.75,1.77,4.07,17.98,3939.42,58.64,8.15,3.96,Normal
TRIP_0064,2025-01-11 22:01:37,80.28,2.12,6.21,12.85,3217.66,62.01,7.42,1.42,Normal
TRIP_0064,2025-01-11 22:02:04,86.35,1.43,4.07,17.73,2757.87,49.45,7.98,4.18,Normal
TRIP_0064,2025-01-11 22:02:35,100.41,2.0,1.79,7.97,3058.69,56.18,6.52,4.07,Normal
TRIP_0064,2025-01-11 22:03:07,99.54,1.47,2.5,2.82,3610.32,50.27,7.28,2.03,Normal
TRIP_0064,2025-01-11 22:03:31,47.76,1.62,1.49,12.65,2030.3,60.68,6.03,1.73,Normal
TRIP_0064,2025-01-11 22:04:04,66.1,0.7,1.78,1.94,3098.14,47.19,8.05,2.96,Normal
TRIP_0064,2025-01-11 22:04:32,93.87,2.88,5.45,10.17,2135.41,73.44,7.91,2.75,Normal
TRIP_0065,2025-01-11 21:00:02,37.22,1.37,2.05,8.77,2062.44,21.44,7.73,1.51,Safe
TRIP_0065,2025-01-11 21:00:36,44.48,0.45,4.29,10.6,1651.38,42.66,5.6,2.06,Safe
TRIP_0065,2025-01-11 21:01:09,59.84,1.06,1.52,1.09,1731.92,16.87,6.01,1.4,Safe
TRIP_0065,2025-01-11 21:01:33,48.48,1.93,0.52,0.0,1488.78,22.85,6.7,2.38,Safe
TRIP_0065,2025-01-11 21:02:00,45.44,1.64,3.04,4.94,2305.93,11.05,6.79,1.44,Safe
TRIP_0065,2025-01-11 21:02:33,48.46,0.53,0.86,1.6,1756.56,32.2,5.23,2.12,Safe
TRIP_0065,2025-01-11 21:03:03,55.05,1.7,0.77,2.48,2008.18,21.55,4.2,2.55,Safe
TRIP_0065,2025-01-11 21:03:36,69.58,1.42,1.55,3.88,1631.84,40.41,7.01,2.34,Safe
TRIP_0065,2025-01-11 21:04:01,7.18,0.61,0.45,6.68,2266.57,42.86,5.8,1.83,Safe
TRIP_0065,2025-01-11 21:04:36,58.11,1.45,1.08,6.92,2199.58,21.83,5.68,1.27,Safe
TRIP_0066,2025-01-09 04:00:02,85.13,0.72,4.62,7.2,3100.7,59.2,8.8,3.57,Normal
TRIP_0066,2025-01-09 04:00:32,83.21,1.9,4.46,8.7,2691.82,53.43,8.19,4.28,Normal
TRIP_0066,2025-01-09 04:01:03,82.92,,7.11,7.28,3345.32,36.95,7.77,5.05,Normal
TRIP_0066,2025-01-09 04:01:39,155.31,2.67,2.82,4.79,2422.78,77.1,6.79,4.19,Normal
TRIP_0066,2025-01-09 04:02:06,61.94,3.12,2.08,16.3,3088.89,47.17,7.58,3.01,Normal
TRIP_0066,2025-01-09 04:02:39,60.14,2.05,5.03,11.6,3386.95,57.41,7.67,1.75,Normal
TRIP_0066,2025-01-09 04:03:05,67.85,1.83,4.05,12.45,2783.85,65.27,6.25,2.78,Normal
TRIP_0066,2025-01-09 04:03:36,49.69,2.73,0.88,10.59,4072.91,31.46,5.03,2.0,Normal
TRIP_0066,2025-01-09 04:04:06,76.6,0.26,4.37,22.39,3618.01,42.6,8.74,3.8,Normal
TRIP_0066,2025-01-09 04:04:32,67.42,3.1,4.54,12.39,3453.27,50.87,11.09,2.06,Normal
TRIP_0067,2025-01-15 01:00:08,37.33,1.22,3.7,4.89,1999.34,42.54,5.03,2.86,Safe
TRIP_0067,2025-01-15 01:00:36,59.24,0.74,3.32,6.28,1775.18,27.53,6.71,1.75,Safe
TRIP_0067,2025-01-15 01:01:01,55.21,1.67,1.92,5.92,1868.68,31.46,6.44,1.95,Safe
TRIP_0067,2025-01-15 01:01:39,47.75,1.5,1.55,4.71,2535.58,33.5,5.66,1.66,Safe
TRIP_0067,2025-01-15 01:02:08,57.65,0.43,2.09,4.8,2094.83,25.17,7.1,2.0,Safe
TRIP_0067,2025-01-15 01:02:34,35.96,0.0,2.24,5.37,1963.16,30.77,4.88,2.28,Safe
TRIP_0067,2025-01-15 01:03:06,36.17,1.45,2.78,2.31,1770.19,26.31,3.75,2.17,Safe
TRIP_0067,2025-01-15 01:03:30,42.93,1.18,1.32,1.35,2143.17,41.94,6.64,2.9,Safe
TRIP_0067,2025-01-15 01:04:02,64.09,0.76,2.63,4.73,2318.63,29.27,5.21,2.69,Safe
TRIP_0067,2025-01-15 01:04:32,38.64,0.48,2.61,6.16,1914.71,36.03,3.94,2.38,Safe
TRIP_0068,2025-01-04 19:00:05,59.79,4.46,6.71,15.3,4755.12,72.8,14.49,6.3,Aggressive
TRIP_0068,2025-01-04 19:00:34,127.93,2.25,6.78,20.35,4921.71,80.78,10.2,5.99,Aggressive
TRIP_0068,2025-01-04 19:01:09,92.39,2.77,6.98,10.23,5151.91,74.44,11.93,4.87,Aggressive
TRIP_0068,2025-01-04 19:01:33,127.02,3.87,4.77,24.84,4720.08,83.13,12.62,3.46,Aggressive
TRIP_0068,2025-01-04 19:02:07,117.91,1.39,6.61,36.67,4850.82,75.11,11.1,5.3,Aggressive
TRIP_0068,2025-01-04 19:02:39,130.81,5.88,5.63,33.2,3834.33,81.96,10.97,3.47,Aggressive
TRIP_0068,2025-01-04 19:03:02,100.98,4.02,8.89,28.68,4008.42,73.02,13.11,1.95,Aggressive
TRIP_0068,2025-01-04 19:03:34,97.2,4.18,10.33,22.59,5352.55,79.8,14.84,4.49,Aggressive
TRIP_0068,2025-01-04 19:04:07,90.15,2.52,9.65,43.9,4932.66,78.84,11.72,3.66,Aggressive
TRIP_0068,2025-01-04 19:04:33,103.18,5.73,5.78,14.92,4677.62,57.07,11.42,5.37,Aggressive
TRIP_0069,2025-01-06 19:00:04,65.94,1.05,3.43,4.22,1736.0,32.15,5.78,1.41,Safe
TRIP_0069,2025-01-06 19:00:31,31.6,1.66,1.5,3.18,1470.38,43.93,4.71,2.03,Safe
TRIP_0069,2025-01-06 19:01:00,49.4,0.15,1.19,5.56,1763.85,31.63,6.68,2.48,Safe
TRIP_0069,2025-01-06 19:01:37,44.97,1.58,2.86,3.65,1876.64,37.93,6.27,2.13,Safe
TRIP_0069,2025-01-06 19:02:01,26.22,1.1,2.37,4.88,1803.64,13.6,6.37,2.73,Safe
TRIP_0069,2025-01-06 19:02:32,174.3,0.0,2.75,5.72,2419.55,26.8,6.91,1.47,Safe
TRIP_0069,2025-01-06 19:03:05,43.29,1.07,1.69,0.21,2010.31,29.07,4.42,1.7,Safe
TRIP_0069,2025-01-06 19:03:38,33.31,1.15,0.46,6.7,1757.37,22.46,6.27,2.4,Safe
TRIP_0069,2025-01-06 19:04:08,52.22,1.19,2.45,3.82,2196.35,23.61,7.09,2.39,Safe
TRIP_0069,2025-01-06 19:04:34,45.94,,0.13,5.55,1865.83,16.17,6.11,1.95,Safe
TRIP_0070,2025-01-12 19:00:00,89.44,4.65,6.54,0.39,4364.57,65.64,11.87,4.96,Aggressive
TRIP_0070,2025-01-12 19:00:37,68.53,4.12,7.95,20.1,4433.17,63.88,9.5,5.32,Aggressive
TRIP_0070,2025-01-12 19:01:02,77.76,2.55,8.55,26.79,3889.88,69.12,14.62,6.4,Aggressive
TRIP_0070,2025-01-12 19:01:34,94.59,2.34,3.55,23.79,3782.05,70.63,14.91,4.92,Aggressive
TRIP_0070,2025-01-12 19:02:06,91.73,4.05,9.92,22.1,5250.78,89.29,14.87,5.43,Aggressive
TRIP_0070,2025-01-12 19:02:33,120.78,4.8,3.59,34.82,4854.22,80.28,10.86,4.72,Aggressive
TRIP_0070,2025-01-12 19:03:09,90.6,4.29,9.81,29.84,4233.02,78.8,12.58,6.11,Aggressive
TRIP_0070,2025-01-12 19:03:36,99.52,2.76,4.98,18.71,4447.88,81.02,11.06,4.24,Aggressive
TRIP_0070,2025-01-12 19:04:01,104.09,3.26,6.03,14.75,4435.67,73.25,12.83,5.43,Aggressive
TRIP_0070,2025-01-12 19:04:30,92.82,4.45,8.34,31.21,3164.26,78.8,12.88,4.01,Aggressive
TRIP_0071,2025-01-03 02:00:04,96.34,3.11,,24.81,4559.53,75.72,16.61,4.68,Aggressive
TRIP_0071,2025-01-03 02:00:37,117.44,4.49,8.65,23.36,5341.35,75.09,12.12,4.6,Aggressive
TRIP_0071,2025-01-03 02:01:09,119.53,2.3,4.8,31.87,4438.02,70.46,13.78,4.09,Aggressive
TRIP_0071,2025-01-03 02:01:39,120.23,4.02,4.42,9.92,5395.08,52.55,11.6,9.47,Aggressive
TRIP_0071,2025-01-03 02:02:06,66.31,6.43,9.43,31.85,4499.61,80.72,11.7,3.54,Aggressive
TRIP_0071,2025-01-03 02:02:33,90.62,3.39,6.65,35.02,4173.65,74.12,17.96,4.83,Aggressive
TRIP_0071,2025-01-03 02:03:05,109.62,2.46,7.14,9.75,4141.66,75.5,12.0,3.06,Aggressive
TRIP_0071,2025-01-03 02:03:30,76.96,4.16,7.77,13.23,5149.66,57.3,10.84,4.61,Aggressive
TRIP_0071,2025-01-03 02:04:01,91.16,4.03,5.81,23.31,4384.82,83.07,7.83,4.16,Aggressive
TRIP_0071,2025-01-03 02:04:35,84.25,2.69,10.39,25.31,3965.66,75.06,13.7,5.93,Aggressive
TRIP_0072,2025-01-11 15:00:04,56.69,1.23,2.44,4.2,2160.64,37.59,7.06,2.47,Safe
TRIP_0072,2025-01-11 15:00:32,36.5,0.77,0.65,2.3,2165.31,24.13,5.7,1.19,Safe
TRIP_0072,2025-01-11 15:01:06,22.2,0.48,1.81,2.01,1760.57,26.01,5.05,1.61,Safe
TRIP_0072,2025-01-11 15:01:38,134.27,1.22,1.29,3.38,1783.94,20.99,5.96,1.26,Safe
TRIP_0072,2025-01-11 15:02:08,55.37,0.25,2.27,0.0,1833.78,29.91,7.85,2.16,Safe
TRIP_0072,2025-01-11 15:02:34,57.33,0.64,1.1,3.78,1870.81,36.45,6.8,2.95,Safe
TRIP_0072,2025-01-11 15:03:04,48.85,0.93,1.68,2.64,2003.22,34.33,4.54,2.65,Safe
TRIP_0072,2025-01-11 15:03:37,50.21,0.43,1.93,1.78,1765.29,36.83,6.25,2.0,Safe
TRIP_0072,2025-01-11 15:04:07,40.78,0.64,0.79,5.23,2309.35,43.05,4.51,2.43,Safe
TRIP_0072,2025-01-11 15:04:33,45.83,0.04,2.64,1.04,1775.54,33.34,4.18,1.34,Safe
TRIP_0073,2025-01-10 05:00:00,43.38,1.06,2.67,8.37,1666.27,21.8,6.61,2.32,Safe
TRIP_0073,2025-01-10 05:00:31,48.06,1.01,2.05,0.92,2012.55,24.26,4.83,1.99,Safe
TRIP_0073,2025-01-10 05:01:07,69.12,1.58,3.35,5.07,2096.3,38.02,7.56,1.02,Safe
TRIP_0073,2025-01-10 05:01:36,63.8,1.44,1.73,4.45,2035.52,36.56,6.4,1.76,Safe
TRIP_0073,2025-01-10 05:02:00,50.95,1.42,1.89,2.97,1632.87,26.87,4.83,1.81,Safe
TRIP_0073,2025-01-10 05:02:36,50.73,2.27,0.0,5.94,1864.53,22.35,5.97,1.95,Safe
TRIP_0073,2025-01-10 05:03:07,118.49,0.84,3.49,6.98,2134.09,37.93,7.8,2.01,Safe
TRIP_0073,2025-01-10 05:03:38,36.36,0.73,2.5,2.05,2481.61,39.79,4.43,1.53,Safe
TRIP_0073,2025-01-10 05:04:08,57.66,0.79,2.46,0.43,2239.39,25.56,6.01,1.95,Safe
TRIP_0073,2025-01-10 05:04:33,50.56,0.79,1.37,1.58,1815.58,34.55,7.4,2.63,Safe
TRIP_0074,2025-01-26 06:00:00,130.72,4.9,5.58,26.17,4665.36,65.61,11.23,4.69,Aggressive
TRIP_0074,2025-01-26 06:00:38,120.43,6.04,5.0,39.71,5111.97,67.0,11.51,7.27,Aggressive
TRIP_0074,2025-01-26 06:01:02,69.76,4.8,5.81,13.92,3187.69,72.85,9.47,5.08,Aggressive
TRIP_0074,2025-01-26 06:01:33,135.39,4.3,10.99,15.18,3603.34,64.73,11.87,9.08,Aggressive
TRIP_0074,2025-01-26 06:02:05,98.49,5.16,8.29,27.47,4603.41,72.76,14.81,7.5,Aggressive
TRIP_0074,2025-01-26 06:02:39,112.66,3.42,3.13,23.51,2842.77,78.54,10.04,5.25,Aggressive
TRIP_0074,2025-01-26 06:03:06,126.28,2.58,9.12,20.67,5727.24,71.35,10.32,6.03,Aggressive
TRIP_0074,2025-01-26 06:03:37,63.26,1.42,10.57,15.96,6666.38,56.94,12.34,4.96,Aggressive
TRIP_0074,2025-01-26 06:04:06,110.41,3.75,4.97,35.48,4939.64,76.15,13.19,6.15,Aggressive
TRIP_0074,2025-01-26 06:04:37,66.96,3.64,6.0,25.05,4171.42,90.32,7.41,5.45,Aggressive
TRIP_0075,2025-01-19 05:00:06,85.35,2.86,4.99,16.7,3828.55,44.99,9.51,3.86,Normal
TRIP_0075,2025-01-19 05:00:32,52.17,3.99,3.97,7.31,3062.02,72.76,7.42,4.19,Normal
TRIP_0075,2025-01-19 05:01:06,93.33,2.11,2.16,12.49,2899.54,47.1,8.86,3.3,Normal
TRIP_0075,2025-01-19 05:01:35,80.95,1.07,4.06,16.12,1967.35,75.46,7.58,1.47,Normal
TRIP_0075,2025-01-19 05:02:02,80.85,4.06,3.11,3.27,3497.38,47.74,8.94,5.12,Normal
TRIP_0075,2025-01-19 05:02:36,72.12,3.67,5.32,7.6,3990.04,57.71,7.68,1.48,Normal
TRIP_0075,2025-01-19 05:03:09,96.09,2.09,1.34,5.48,2188.12,30.08,11.04,5.56,Normal
TRIP_0075,2025-01-19 05:03:39,77.31,3.1,5.61,4.19,2672.17,37.47,8.51,1.95,Normal
TRIP_0075,2025-01-19 05:04:02,53.16,1.33,1.3,11.83,1946.75,55.82,7.4,2.88,Normal
TRIP_0075,2025-01-19 05:04:37,,1.36,5.05,8.23,2941.17,50.18,5.12,2.03,Normal
TRIP_0076,2025-01-09 22:00:07,85.85,2.97,5.08,22.92,2958.46,57.79,7.12,5.95,Normal
TRIP_0076,2025-01-09 22:00:34,77.51,1.16,3.71,15.95,3165.89,31.25,9.88,5.21,Normal
TRIP_0076,2025-01-09 22:01:02,83.09,4.43,4.72,10.31,2919.38,58.49,7.61,4.37,Normal
TRIP_0076,2025-01-09 22:01:39,168.21,1.63,3.31,14.37,2252.23,63.92,7.65,2.49,Normal
TRIP_0076,2025-01-09 22:02:05,64.06,1.46,1.99,10.66,3128.1,29.31,7.49,4.66,Normal
TRIP_0076,2025-01-09 22:02:32,59.4,3.27,5.24,7.52,2060.64,41.29,8.82,2.84,Normal
TRIP_0076,2025-01-09 22:03:04,68.6,2.23,5.03,5.51,2613.48,58.71,8.06,3.62,Normal
TRIP_0076,2025-01-09 22:03:33,67.74,1.23,4.13,13.05,3351.14,67.65,7.45,4.72,Normal
TRIP_0076,2025-01-09 22:04:01,46.6,4.08,5.69,20.78,3015.38,45.68,6.99,4.31,Normal
TRIP_0076,2025-01-09 22:04:37,61.01,2.41,5.28,6.54,2774.35,37.79,6.77,2.21,Normal
TRIP_0077,2025-01-08 17:00:07,129.0,2.09,5.25,31.8,4689.29,83.95,9.44,4.57,Aggressive
TRIP_0077,2025-01-08 17:00:35,93.28,4.54,6.45,31.95,5041.93,72.66,9.75,5.14,Aggressive
TRIP_0077,2025-01-08 17:01:04,133.35,5.16,9.6,14.52,4448.25,85.19,9.2,4.01,Aggressive
TRIP_0077,2025-01-08 17:01:30,80.7,1.55,9.67,4.47,4942.68,69.67,14.09,3.44,Aggressive
TRIP_0077,2025-01-08 17:02:05,108.78,5.25,9.57,25.78,3584.56,71.55,12.09,2.25,Aggressive
TRIP_0077,2025-01-08 17:02:34,107.63,6.05,5.74,30.74,4423.1,73.16,10.46,7.5,Aggressive
TRIP_0077,2025-01-08 17:03:03,89.91,4.19,7.33,27.02,3638.96,87.6,12.27,3.92,Aggressive
TRIP_0077,2025-01-08 17:03:38,84.58,6.15,5.21,0.0,4859.54,57.33,10.27,4.22,Aggressive
TRIP_0077,2025-01-08 17:04:00,71.89,4.24,4.54,25.3,5313.41,82.82,11.84,3.52,Aggressive
TRIP_0077,2025-01-08 17:04:32,89.5,4.59,8.04,12.16,5183.58,95.56,11.82,4.74,Aggressive
TRIP_0078,2025-01-19 00:00:08,55.11,0.2,1.13,6.52,1956.49,20.67,7.5,1.6,Safe
TRIP_0078,2025-01-19 00:00:33,50.36,0.91,0.92,5.55,2117.63,26.26,5.66,2.3,Safe
TRIP_0078,2025-01-19 00:01:07,45.79,1.31,2.95,4.08,1629.06,40.2,5.9,2.87,Safe
TRIP_0078,2025-01-19 00:01:38,59.94,1.48,2.79,3.45,2343.28,22.55,6.85,1.16,Safe
TRIP_0078,2025-01-19 00:02:06,46.4,1.31,2.83,0.46,2006.75,11.78,5.88,1.81,Safe
TRIP_0078,2025-01-19 00:02:34,36.36,1.2,1.93,2.63,1760.96,31.82,6.63,2.03,Safe
TRIP_0078,2025-01-19 00:03:01,50.95,0.75,1.57,2.62,1844.42,34.76,6.71,1.36,Safe
TRIP_0078,2025-01-19 00:03:35,33.77,0.52,2.61,5.46,1836.49,31.76,6.98,1.95,Safe
TRIP_0078,2025-01-19 00:04:04,63.33,0.59,1.28,2.86,2017.88,27.81,6.99,2.82,Safe
TRIP_0078,2025-01-19 00:04:32,43.21,0.53,1.48,6.32,1965.09,26.0,4.7,0.9,Safe
TRIP_0079,2025-01-23 08:00:00,90.85,3.32,6.89,12.28,3591.91,53.71,8.31,3.03,Normal
TRIP_0079,2025-01-23 08:00:39,82.83,2.26,5.97,11.91,2566.01,47.44,5.7,2.37,Normal
TRIP_0079,2025-01-23 08:01:00,60.08,1.52,3.83,15.27,2870.39,36.33,8.03,2.73,Normal
TRIP_0079,2025-01-23 08:01:37,70.77,3.47,4.57,8.46,2255.23,42.23,7.94,1.14,Normal
TRIP_0079,2025-01-23 08:02:07,92.18,2.1,3.92,2.65,3532.44,44.48,8.05,3.47,Normal
TRIP_0079,2025-01-23 08:02:34,75.95,2.17,2.73,15.65,2622.25,48.78,10.17,2.84,Normal
TRIP_0079,2025-01-23 08:03:02,65.18,3.34,2.31,18.21,2882.15,55.21,9.9,3.93,Normal
TRIP_0079,2025-01-23 08:03:37,39.54,2.01,3.52,6.27,3548.71,58.03,11.66,4.33,Normal
TRIP_0079,2025-01-23 08:04:06,79.26,2.02,6.85,10.77,2897.55,58.19,7.78,3.77,Normal
TRIP_0079,2025-01-23 08:04:33,86.09,1.15,5.45,16.23,3926.02,44.99,6.35,3.14,Normal
TRIP_0080,2025-01-16 21:00:01,29.32,1.04,1.56,5.02,2283.59,25.58,4.13,3.02,Safe
TRIP_0080,2025-01-16 21:00:32,53.12,0.62,3.1,2.77,2043.0,29.16,4.99,2.03,Safe
TRIP_0080,2025-01-16 21:01:00,50.3,0.29,2.62,5.78,2159.6,30.02,4.85,2.0,Safe
TRIP_0080,2025-01-16 21:01:30,41.61,0.63,1.79,0.0,1789.61,22.99,6.53,1.6,Safe
TRIP_0080,2025-01-16 21:02:09,59.94,1.45,1.5,6.63,1929.83,28.43,6.41,1.7,Safe
TRIP_0080,2025-01-16 21:02:34,56.18,1.73,3.03,0.77,2133.47,36.81,6.89,1.44,Safe
TRIP_0080,2025-01-16 21:03:08,48.05,1.27,1.98,2.07,1781.11,35.63,5.09,1.59,Safe
TRIP_0080,2025-01-16 21:03:38,57.53,1.07,2.58,1.31,2164.83,24.72,4.98,1.75,Safe
TRIP_0080,2025-01-16 21:04:02,62.82,2.49,1.1,4.38,1813.52,29.24,6.27,1.65,Safe
TRIP_0080,2025-01-16 21:04:37,45.96,1.0,2.12,0.0,2813.1,34.16,6.21,2.31,Safe
TRIP_0081,2025-01-29 09:00:00,87.38,4.9,7.77,16.9,5493.32,77.93,13.46,7.09,Aggressive
TRIP_0081,2025-01-29 09:00:38,116.2,2.91,7.11,26.26,3830.76,98.18,9.19,3.05,Aggressive
TRIP_0081,2025-01-29 09:01:09,98.47,5.69,7.38,34.81,3336.88,62.5,13.46,7.31,Aggressive
TRIP_0081,2025-01-29 09:01:33,116.42,2.63,7.69,27.97,4054.24,78.48,14.21,4.56,Aggressive
TRIP_0081,2025-01-29 09:02:02,101.25,5.37,8.44,30.01,3032.97,72.87,11.36,3.35,Aggressive
TRIP_0081,2025-01-29 09:02:38,116.73,5.99,6.58,24.26,5177.29,67.36,13.32,3.62,Aggressive
TRIP_0081,2025-01-29 09:03:05,84.08,4.29,6.68,19.45,4799.57,92.23,15.28,2.12,Aggressive
TRIP_0081,2025-01-29 09:03:34,114.15,2.6,4.18,16.71,4649.54,62.0,10.73,4.1,Aggressive
TRIP_0081,2025-01-29 09:04:01,90.12,4.43,8.93,36.66,4458.82,72.79,12.38,3.28,Aggressive
TRIP_0081,2025-01-29 09:04:35,122.71,6.79,6.82,24.75,4753.83,69.69,9.63,4.86,Aggressive
TRIP_0082,2025-01-05 17:00:00,81.18,1.76,4.62,0.79,3009.2,45.16,6.09,4.16,Normal
TRIP_0082,2025-01-05 17:00:31,66.7,1.68,3.9,6.11,3392.03,54.45,6.1,4.47,Normal
TRIP_0082,2025-01-05 17:01:04,107.93,0.91,4.08,16.68,3575.56,43.19,5.19,2.91,Normal
TRIP_0082,2025-01-05 17:01:36,52.67,2.73,6.29,23.42,4432.61,39.18,12.24,3.15,Normal
TRIP_0082,2025-01-05 17:02:06,61.73,1.09,5.17,0.7,3327.01,55.72,4.48,2.86,Normal
TRIP_0082,2025-01-05 17:02:36,73.19,1.0,2.94,23.5,3061.72,56.2,7.83,1.98,Normal
TRIP_0082,2025-01-05 17:03:06,40.97,1.45,6.0,11.28,2329.94,44.17,5.77,2.37,Normal
TRIP_0082,2025-01-05 17:03:32,1.39,2.69,4.67,13.8,3152.5,51.96,8.06,1.41,Normal
TRIP_0082,2025-01-05 17:04:05,77.2,1.93,6.17,15.63,3069.55,57.95,6.42,4.47,Normal
TRIP_0082,2025-01-05 17:04:35,70.53,0.24,4.1,13.69,2672.56,37.85,8.74,3.86,Normal
TRIP_0083,2025-01-04 14:00:00,53.14,0.26,2.61,9.04,1947.61,40.88,5.81,2.42,Safe
TRIP_0083,2025-01-04 14:00:31,39.37,0.73,3.74,5.84,2080.81,22.48,5.58,2.91,Safe
TRIP_0083,2025-01-04 14:01:03,50.23,1.83,2.51,8.46,1741.84,24.77,5.34,1.96,Safe
TRIP_0083,2025-01-04 14:01:39,59.41,1.39,1.72,4.86,1817.14,31.32,6.3,1.61,Safe
TRIP_0083,2025-01-04 14:02:08,34.27,0.72,0.93,2.25,2703.4,35.66,3.42,1.84,Safe
TRIP_0083,2025-01-04 14:02:33,42.71,0.58,0.0,5.4,1843.14,24.14,5.09,1.99,Safe
TRIP_0083,2025-01-04 14:03:01,53.13,1.09,1.13,10.85,1945.45,,4.97,1.92,Safe
TRIP_0083,2025-01-04 14:03:38,53.27,0.58,3.65,11.23,1990.09,25.97,5.83,2.36,Safe
TRIP_0083,2025-01-04 14:04:01,61.52,1.03,2.89,4.25,1759.58,22.42,4.56,1.78,Safe
TRIP_0083,2025-01-04 14:04:30,48.69,0.46,2.46,6.31,2163.23,9.53,6.05,1.94,Safe
TRIP_0084,2025-01-25 05:00:07,62.56,0.0,2.04,1.57,1789.65,25.42,7.93,1.45,Safe
TRIP_0084,2025-01-25 05:00:32,60.18,0.0,2.46,4.12,1729.7,26.59,4.71,1.84,Safe
TRIP_0084,2025-01-25 05:01:00,59.53,1.39,1.37,2.88,1612.06,30.67,4.92,1.41,Safe
TRIP_0084,2025-01-25 05:01:38,58.65,1.67,1.83,10.27,2356.5,30.14,6.67,2.15,Safe
TRIP_0084,2025-01-25 05:02:06,50.22,1.96,2.52,2.48,1691.61,22.1,6.49,1.83,Safe
TRIP_0084,2025-01-25 05:02:34,68.1,1.2,1.4,6.7,2027.24,16.26,6.86,1.8,Safe
TRIP_0084,2025-01-25 05:03:05,40.37,0.09,2.05,0.0,2371.18,22.84,4.9,2.01,Safe
TRIP_0084,2025-01-25 05:03:38,56.6,0.93,2.03,4.48,2324.22,30.03,6.25,1.71,Safe
TRIP_0084,2025-01-25 05:04:00,53.91,1.1,3.12,3.5,2397.45,34.24,5.97,2.91,Safe
TRIP_0084,2025-01-25 05:04:33,51.24,0.73,2.37,8.96,1997.6,30.72,6.8,2.59,Safe
TRIP_0085,2025-01-14 21:00:04,45.47,1.09,2.8,5.99,1441.37,37.86,6.52,2.3,Safe
TRIP_0085,2025-01-14 21:00:35,58.43,0.56,1.38,7.58,1799.87,28.33,4.97,2.91,Safe
TRIP_0085,2025-01-14 21:01:00,52.81,1.92,0.47,4.63,1727.45,34.83,4.38,2.17,Safe
TRIP_0085,2025-01-14 21:01:30,54.65,0.09,2.82,0.46,1593.29,20.47,5.28,2.47,Safe
TRIP_0085,2025-01-14 21:02:09,38.91,1.1,2.56,5.84,1847.31,7.64,6.04,2.39,Safe
TRIP_0085,2025-01-14 21:02:33,43.53,0.55,1.82,9.73,2303.04,17.96,7.2,2.34,Safe
TRIP_0085,2025-01-14 21:03:06,45.29,1.56,3.6,9.58,,27.98,3.0,2.15,Safe
TRIP_0085,2025-01-14 21:03:32,50.54,0.34,2.56,6.9,2204.7,37.57,6.6,1.79,Safe
TRIP_0085,2025-01-14 21:04:02,47.26,1.12,2.65,0.0,1994.44,16.83,5.87,2.69,Safe
TRIP_0085,2025-01-14 21:04:31,50.37,1.84,2.04,11.62,1610.98,29.74,5.24,1.75,Safe
TRIP_0086,2025-01-15 20:00:01,56.12,0.22,0.92,6.03,2186.88,35.13,5.21,1.51,Safe
TRIP_0086,2025-01-15 20:00:33,28.84,1.49,2.42,1.98,1475.33,32.25,7.68,1.93,Safe
TRIP_0086,2025-01-15 20:01:05,62.49,0.61,1.63,8.13,2191.24,27.34,5.3,2.73,Safe
TRIP_0086,2025-01-15 20:01:33,63.04,0.48,2.59,6.29,1774.44,42.29,5.73,3.01,Safe
TRIP_0086,2025-01-15 20:02:01,34.37,1.36,1.65,7.31,1695.58,22.59,6.25,1.45,Safe
TRIP_0086,2025-01-15 20:02:34,54.55,1.01,0.9,0.0,2351.08,25.63,8.6,2.43,Safe
TRIP_0086,2025-01-15 20:03:07,39.64,1.32,2.88,4.76,1995.47,13.53,5.16,2.42,Safe
TRIP_0086,2025-01-15 20:03:34,35.23,1.53,1.47,3.83,1662.84,33.02,8.46,2.39,Safe
TRIP_0086,2025-01-15 20:04:00,42.81,1.03,2.77,7.82,2093.79,36.84,5.94,1.95,Safe
TRIP_0086,2025-01-15 20:04:30,43.66,0.05,1.91,11.63,2241.48,47.52,6.88,2.51,Safe
TRIP_0087,2025-01-28 03:00:05,73.23,2.19,6.63,9.32,3558.32,52.8,5.6,2.68,Normal
TRIP_0087,2025-01-28 03:00:34,60.38,1.73,2.65,28.19,3121.04,39.79,9.3,4.27,Normal
TRIP_0087,2025-01-28 03:01:02,87.55,3.51,1.78,11.83,3407.03,23.55,6.39,3.41,Normal
TRIP_0087,2025-01-28 03:01:33,55.46,2.02,3.36,16.85,3393.97,55.54,9.12,3.39,Normal
TRIP_0087,2025-01-28 03:02:01,62.08,0.0,3.13,8.09,2811.08,29.59,9.39,3.9,Normal
TRIP_0087,2025-01-28 03:02:30,82.57,1.74,,11.5,2456.08,41.51,7.92,4.56,Normal
TRIP_0087,2025-01-28 03:03:04,47.39,1.44,4.64,16.62,4096.72,61.47,7.91,2.61,Normal
TRIP_0087,2025-01-28 03:03:31,67.81,2.4,4.82,10.64,3244.1,48.95,9.12,3.82,Normal
TRIP_0087,2025-01-28 03:04:08,52.52,0.4,5.17,12.12,2768.29,37.22,9.24,1.99,Normal
TRIP_0087,2025-01-28 03:04:36,84.89,2.45,1.81,12.76,4326.86,64.27,6.76,4.22,Normal
TRIP_0088,2025-01-11 09:00:08,93.61,1.65,2.74,17.37,3462.64,52.02,9.01,3.46,Normal
TRIP_0088,2025-01-11 09:00:31,65.38,3.94,4.51,11.82,2191.92,34.85,9.02,3.19,Normal
TRIP_0088,2025-01-11 09:01:03,72.53,0.68,5.42,6.45,3262.21,59.74,8.14,5.26,Normal
TRIP_0088,2025-01-11 09:01:38,50.94,2.8,3.79,7.75,2169.36,46.87,7.51,3.67,Normal
TRIP_0088,2025-01-11 09:02:07,76.72,2.32,2.2,14.64,2897.95,28.15,7.35,5.16,Normal
TRIP_0088,2025-01-11 09:02:37,82.22,1.07,4.32,10.97,3880.84,47.94,6.28,3.03,Normal
TRIP_0088,2025-01-11 09:03:00,67.37,1.9,5.62,9.45,3593.5,39.14,8.4,2.81,Normal
TRIP_0088,2025-01-11 09:03:38,56.71,1.38,2.35,16.39,3503.65,50.28,6.7,5.09,Normal
TRIP_0088,2025-01-11 09:04:07,75.81,2.02,3.37,12.28,2472.4,53.71,8.62,3.85,Normal
TRIP_0088,2025-01-11 09:04:37,46.87,1.92,3.3,9.45,2647.28,58.66,4.1,4.93,Normal
TRIP_0089,2025-01-13 17:00:06,101.25,2.04,8.78,15.45,5316.38,65.72,13.95,3.75,Aggressive
TRIP_0089,2025-01-13 17:00:32,125.33,2.54,6.77,19.45,3808.73,82.41,13.07,6.81,Aggressive
TRIP_0089,2025-01-13 17:01:08,99.99,4.08,,30.49,5235.04,80.76,11.58,3.17,Aggressive
TRIP_0089,2025-01-13 17:01:31,117.04,4.01,9.07,34.62,5304.32,68.76,14.07,4.22,Aggressive
TRIP_0089,2025-01-13 17:02:04,111.79,2.43,8.98,38.61,5002.78,50.06,12.25,5.88,Aggressive
TRIP_0089,2025-01-13 17:02:32,125.58,3.11,10.43,36.39,4167.89,78.2,13.04,6.26,Aggressive
TRIP_0089,2025-01-13 17:03:02,109.69,2.87,8.84,37.28,4318.03,64.68,12.2,8.24,Aggressive
TRIP_0089,2025-01-13 17:03:38,101.15,4.81,3.03,38.06,5404.6,,17.41,6.84,Aggressive
TRIP_0089,2025-01-13 17:04:06,123.49,5.78,9.32,24.78,4415.33,65.56,10.85,4.53,Aggressive
TRIP_0089,2025-01-13 17:04:33,108.21,5.82,6.71,29.06,4511.46,65.13,7.49,5.65,Aggressive
TRIP_0090,2025-01-09 21:00:00,56.9,2.83,3.5,18.98,3873.75,25.91,5.99,3.06,Normal
TRIP_0090,2025-01-09 21:00:32,68.56,1.8,3.35,18.29,2465.74,54.14,7.42,2.74,Normal
TRIP_0090,2025-01-09 21:01:08,91.63,2.19,1.13,11.7,3218.39,,7.6,2.22,Normal
TRIP_0090,2025-01-09 21:01:38,106.95,1.89,5.43,6.07,2156.62,60.97,8.82,3.03,Normal
TRIP_0090,2025-01-09 21:02:05,58.66,1.16,1.52,22.6,3532.19,53.26,7.78,3.49,Normal
TRIP_0090,2025-01-09 21:02:38,53.32,0.83,5.91,5.19,3254.65,42.61,10.43,2.73,Normal
TRIP_0090,2025-01-09 21:03:03,53.96,,4.68,13.67,2904.9,58.03,8.39,3.02,Normal
TRIP_0090,2025-01-09 21:03:30,87.94,2.84,5.06,11.5,2850.19,70.22,10.67,4.14,Normal
TRIP_0090,2025-01-09 21:04:09,55.27,1.31,4.58,16.79,3560.47,68.84,7.9,4.69,Normal
TRIP_0090,2025-01-09 21:04:37,73.11,2.45,4.64,2.37,2437.94,51.23,5.47,4.33,Normal
TRIP_0091,2025-01-15 04:00:09,58.72,1.16,0.88,9.14,2611.16,31.18,6.51,2.1,Safe
TRIP_0091,2025-01-15 04:00:36,49.65,1.45,4.35,0.8,1968.86,20.56,7.59,1.71,Safe
TRIP_0091,2025-01-15 04:01:05,55.13,2.12,1.68,6.55,1426.29,26.85,7.56,1.97,Safe
TRIP_0091,2025-01-15 04:01:30,61.08,1.28,2.64,5.44,2157.0,23.6,5.69,2.1,Safe
TRIP_0091,2025-01-15 04:02:05,109.56,0.79,0.99,2.82,1384.62,35.99,7.4,1.87,Safe
TRIP_0091,2025-01-15 04:02:36,52.07,0.88,3.48,0.55,1774.6,42.16,6.13,2.44,Safe
TRIP_0091,2025-01-15 04:03:07,11.94,1.43,1.78,10.15,2055.6,18.32,6.1,2.26,Safe
TRIP_0091,2025-01-15 04:03:33,56.19,0.81,1.34,8.81,1850.8,32.35,6.16,2.73,Safe
TRIP_0091,2025-01-15 04:04:00,22.36,1.81,0.77,4.14,1886.77,39.85,7.43,1.35,Safe
TRIP_0091,2025-01-15 04:04:34,46.57,1.57,3.16,4.49,1779.6,37.65,7.18,1.42,Safe
TRIP_0092,2025-01-07 09:00:04,79.44,1.7,5.02,7.74,1942.65,44.91,8.09,3.22,Normal
TRIP_0092,2025-01-07 09:00:31,79.43,0.65,4.83,7.86,3067.85,41.23,4.71,3.48,Normal
TRIP_0092,2025-01-07 09:01:00,68.93,0.53,4.29,12.57,3180.1,51.9,11.2,4.66,Normal
TRIP_0092,2025-01-07 09:01:38,96.45,2.86,2.16,17.69,3621.4,69.41,7.4,3.03,Normal
TRIP_0092,2025-01-07 09:02:00,74.36,0.69,5.25,16.22,3060.18,26.98,9.73,3.94,Normal
TRIP_0092,2025-01-07 09:02:31,59.4,2.72,3.89,10.28,3217.61,41.1,7.48,3.62,Normal
TRIP_0092,2025-01-07 09:03:00,98.04,1.25,1.5,0.0,2924.77,42.04,8.31,3.63,Normal
TRIP_0092,2025-01-07 09:03:39,74.44,2.14,3.36,2.06,3235.7,65.26,8.42,2.65,Normal
TRIP_0092,2025-01-07 09:04:04,85.87,2.08,1.35,10.2,3231.65,46.0,7.59,2.28,Normal
TRIP_0092,2025-01-07 09:04:35,37.65,1.63,5.47,9.68,3868.99,55.15,8.51,3.37,Normal
TRIP_0093,2025-01-22 08:00:08,91.44,3.86,7.37,38.03,3652.93,67.14,9.34,5.64,Aggressive
TRIP_0093,2025-01-22 08:00:34,97.67,4.32,5.05,26.6,4203.32,67.34,13.47,2.69,Aggressive
TRIP_0093,2025-01-22 08:01:01,82.41,2.77,6.55,27.82,4393.0,79.34,15.53,4.24,Aggressive
TRIP_0093,2025-01-22 08:01:34,69.4,3.79,6.11,31.36,5115.84,69.91,10.42,2.48,Aggressive
TRIP_0093,2025-01-22 08:02:03,79.91,4.19,6.27,26.77,4515.65,65.13,13.25,4.93,Aggressive
TRIP_0093,2025-01-22 08:02:31,117.45,5.84,7.69,15.92,4855.88,78.84,10.02,5.57,Aggressive
TRIP_0093,2025-01-22 08:03:05,96.02,4.28,7.67,30.6,4666.35,62.89,10.12,4.18,Aggressive
TRIP_0093,2025-01-22 08:03:39,100.68,5.78,8.76,31.4,3783.04,74.83,14.37,4.68,Aggressive
TRIP_0093,2025-01-22 08:04:04,113.34,1.68,6.27,27.97,4873.59,89.93,11.22,7.22,Aggressive
TRIP_0093,2025-01-22 08:04:35,102.37,2.73,5.79,20.86,4774.19,60.84,11.79,3.94,Aggressive
TRIP_0094,2025-01-20 17:00:00,72.92,1.84,5.07,14.41,2231.48,38.48,7.74,3.46,Normal
TRIP_0094,2025-01-20 17:00:30,60.9,1.98,3.81,11.85,3236.54,37.71,9.94,4.0,Normal
TRIP_0094,2025-01-20 17:01:09,53.28,3.18,2.26,12.9,3509.5,48.48,9.76,3.23,Normal
TRIP_0094,2025-01-20 17:01:34,84.94,1.97,3.28,16.87,2921.86,,8.8,4.48,Normal
TRIP_0094,2025-01-20 17:02:06,96.96,3.53,2.47,6.53,2606.99,60.18,10.75,2.99,Normal
TRIP_0094,2025-01-20 17:02:37,74.43,1.32,3.98,10.56,3244.59,35.84,7.96,3.9,Normal
TRIP_0094,2025-01-20 17:03:05,67.26,2.96,5.04,10.26,3421.2,74.82,6.99,5.18,Normal
TRIP_0094,2025-01-20 17:03:31,76.33,0.87,3.89,9.99,2127.73,41.72,7.72,3.39,Normal
TRIP_0094,2025-01-20 17:04:08,74.73,1.84,2.3,17.24,3489.36,54.89,9.76,3.15,Normal
TRIP_0094,2025-01-20 17:04:38,96.27,1.42,4.62,4.85,2535.51,63.59,8.55,4.66,Normal
TRIP_0095,2025-01-06 02:00:07,93.28,2.27,4.87,8.16,4424.83,91.06,11.72,5.45,Aggressive
TRIP_0095,2025-01-06 02:00:39,105.55,3.86,4.99,24.73,5806.85,,14.09,5.06,Aggressive
TRIP_0095,2025-01-06 02:01:09,74.74,2.16,7.21,20.0,4261.23,85.22,13.47,7.07,Aggressive
TRIP_0095,2025-01-06 02:01:33,131.97,2.89,9.82,25.34,3885.17,89.13,9.59,3.81,Aggressive
TRIP_0095,2025-01-06 02:02:00,105.48,3.45,4.6,18.48,,61.63,15.29,5.47,Aggressive
TRIP_0095,2025-01-06 02:02:38,103.73,3.66,1.39,14.37,4730.38,47.81,12.14,5.99,Aggressive
TRIP_0095,2025-01-06 02:03:07,115.84,4.74,10.17,22.8,3432.69,76.35,11.75,1.83,Aggressive
TRIP_0095,2025-01-06 02:03:34,69.54,3.2,6.61,35.5,4072.3,82.96,12.0,4.73,Aggressive
TRIP_0095,2025-01-06 02:04:04,101.84,6.08,5.35,38.85,3267.86,81.51,14.95,1.5,Aggressive
TRIP_0095,2025-01-06 02:04:36,117.79,6.06,5.15,42.67,4287.56,94.94,11.42,6.06,Aggressive
TRIP_0096,2025-01-06 01:00:03,59.61,1.54,2.43,17.21,2817.07,48.21,8.94,3.83,Normal
TRIP_0096,2025-01-06 01:00:32,82.1,1.77,2.9,8.08,2667.1,62.78,8.24,2.38,Normal
TRIP_0096,2025-01-06 01:01:03,76.88,3.31,2.02,25.92,2858.16,28.88,11.29,2.19,Normal
TRIP_0096,2025-01-06 01:01:36,76.66,1.21,5.56,16.52,3009.53,65.89,7.9,3.22,Normal
TRIP_0096,2025-01-06 01:02:08,85.79,0.16,4.37,17.32,2274.39,38.91,9.82,4.03,Normal
TRIP_0096,2025-01-06 01:02:39,86.4,0.91,1.82,1.29,2068.72,62.96,8.95,2.73,Normal
TRIP_0096,2025-01-06 01:03:08,74.85,1.52,3.82,6.55,2620.09,56.53,9.06,3.09,Normal
TRIP_0096,2025-01-06 01:03:36,63.39,0.0,2.53,11.93,2529.66,45.04,8.72,3.65,Normal
TRIP_0096,2025-01-06 01:04:06,58.31,1.37,4.04,9.95,1976.15,62.93,9.27,2.21,Normal
TRIP_0096,2025-01-06 01:04:34,57.46,0.9,8.0,10.49,2037.22,67.92,8.92,2.73,Normal
TRIP_0097,2025-01-12 03:00:01,31.08,1.91,4.87,13.71,2687.99,60.13,7.89,4.27,Normal
TRIP_0097,2025-01-12 03:00:30,63.63,2.4,3.31,10.16,3571.78,51.28,6.74,4.2,Normal
TRIP_0097,2025-01-12 03:01:00,64.26,2.84,2.8,12.19,3128.68,52.65,6.84,5.56,Normal
TRIP_0097,2025-01-12 03:01:31,65.76,1.58,2.89,9.69,3566.53,51.73,6.23,4.53,Normal
TRIP_0097,2025-01-12 03:02:03,85.71,3.01,4.39,9.28,3412.63,64.84,7.38,2.04,Normal
TRIP_0097,2025-01-12 03:02:33,86.17,1.91,3.81,2.78,2857.61,38.03,7.3,2.4,Normal
TRIP_0097,2025-01-12 03:03:07,72.68,2.91,2.15,12.6,,62.69,7.4,5.04,Normal
TRIP_0097,2025-01-12 03:03:36,110.85,2.61,5.07,7.35,3252.38,47.27,6.82,5.43,Normal
TRIP_0097,2025-01-12 03:04:04,65.29,2.26,2.81,7.2,2883.3,53.51,7.71,4.97,Normal
TRIP_0097,2025-01-12 03:04:39,55.98,2.08,6.1,14.67,3015.53,48.06,8.5,4.25,Normal
TRIP_0098,2025-01-13 13:00:02,79.14,1.67,4.49,14.88,2496.4,52.02,4.76,3.98,Normal
TRIP_0098,2025-01-13 13:00:37,86.62,2.43,3.72,23.17,3088.91,50.37,10.0,3.98,Normal
TRIP_0098,2025-01-13 13:01:04,45.22,1.0,5.68,14.57,3954.65,37.55,7.95,4.66,Normal
TRIP_0098,2025-01-13 13:01:33,65.6,,4.8,1.32,3821.36,38.48,4.82,3.49,Normal
TRIP_0098,2025-01-13 13:02:02,111.02,1.13,4.85,17.6,3170.31,74.92,7.7,2.67,Normal
TRIP_0098,2025-01-13 13:02:32,68.21,3.51,3.67,11.81,3084.99,58.42,8.96,3.02,Normal
TRIP_0098,2025-01-13 13:03:06,55.71,1.46,4.43,9.14,2035.56,43.5,8.42,4.57,Normal
TRIP_0098,2025-01-13 13:03:38,58.27,2.12,3.45,5.35,3265.96,43.13,6.73,3.33,Normal
TRIP_0098,2025-01-13 13:04:05,57.39,1.4,5.32,7.0,2448.44,44.73,7.57,2.83,Normal
TRIP_0098,2025-01-13 13:04:35,71.62,1.75,4.44,13.68,3146.08,51.38,9.3,3.52,Normal
TRIP_0099,2025-01-29 00:00:06,58.8,1.1,2.23,9.28,2563.0,20.15,4.42,1.83,Safe
TRIP_0099,2025-01-29 00:00:38,106.43,1.19,1.84,8.34,1980.53,36.74,5.31,1.78,Safe
TRIP_0099,2025-01-29 00:01:07,36.1,0.03,1.71,4.84,2151.37,36.56,5.59,1.96,Safe
TRIP_0099,2025-01-29 00:01:36,42.41,1.04,2.97,5.3,2349.0,37.61,7.46,2.06,Safe
TRIP_0099,2025-01-29 00:02:00,57.53,0.83,1.59,6.46,1803.38,31.53,5.64,2.18,Safe
TRIP_0099,2025-01-29 00:02:37,60.19,1.6,1.39,7.77,2625.49,31.01,5.93,1.86,Safe
TRIP_0099,2025-01-29 00:03:01,28.73,1.02,2.27,9.77,,38.35,6.58,1.78,Safe
TRIP_0099,2025-01-29 00:03:31,55.38,0.43,3.44,4.38,2020.68,27.62,4.9,2.37,Safe
TRIP_0099,2025-01-29 00:04:07,61.76,0.33,2.8,7.49,2413.26,30.35,4.97,1.91,Safe
TRIP_0099,2025-01-29 00:04:39,43.64,,1.79,4.24,2006.08,29.56,7.28,0.98,Safe
TRIP_0100,2025-01-27 08:00:06,48.94,1.25,1.79,5.74,1874.66,30.34,6.45,2.74,Safe
TRIP_0100,2025-01-27 08:00:36,38.77,0.71,1.9,2.77,2253.83,23.18,7.27,2.31,Safe
TRIP_0100,2025-01-27 08:01:02,38.11,1.22,2.18,4.54,2242.78,39.86,4.47,1.7,Safe
TRIP_0100,2025-01-27 08:01:37,68.01,0.67,2.77,3.61,2141.81,29.5,6.18,2.18,Safe
TRIP_0100,2025-01-27 08:02:01,49.48,0.6,2.59,6.83,1785.1,39.87,8.24,1.45,Safe
TRIP_0100,2025-01-27 08:02:37,34.53,1.05,3.73,10.21,2182.37,25.18,4.55,2.52,Safe
TRIP_0100,2025-01-27 08:03:00,46.83,0.6,2.57,9.17,2141.0,30.83,5.01,2.26,Safe
TRIP_0100,2025-01-27 08:03:34,57.24,1.43,1.29,10.25,1823.86,35.0,6.22,0.99,Safe
TRIP_0100,2025-01-27 08:04:05,46.27,0.48,2.79,11.41,1792.24,20.46,7.01,2.16,Safe
TRIP_0100,2025-01-27 08:04:38,44.61,0.85,1.78,3.19,2330.4,33.0,5.7,1.36,Safe
TRIP_0053,2025-01-13 01:00:32,106.2,4.78,7.51,25.04,,69.79,15.77,3.61,Aggressive
TRIP_0074,2025-01-26 06:03:37,63.26,1.42,10.57,15.96,6666.38,56.94,12.34,4.96,Aggressive
TRIP_0075,2025-01-19 05:00:06,85.35,2.86,4.99,16.7,3828.55,44.99,9.51,3.86,Normal
TRIP_0067,2025-01-15 01:00:08,37.33,1.22,3.7,4.89,1999.34,42.54,5.03,2.86,Safe
TRIP_0042,2025-01-01 07:00:31,76.65,0.3,4.83,10.83,,59.84,9.77,2.64,Normal
TRIP_0068,2025-01-04 19:04:07,90.15,2.52,9.65,43.9,4932.66,78.84,11.72,3.66,Aggressive
TRIP_0063,2025-01-21 20:03:07,135.32,8.0,10.08,29.81,6124.7,81.03,10.18,4.94,Aggressive
TRIP_0052,2025-01-06 04:01:38,95.0,3.21,4.85,35.36,5348.33,85.31,11.83,4.97,Aggressive
TRIP_0086,2025-01-15 20:04:30,43.66,0.05,1.91,11.63,2241.48,47.52,6.88,2.51,Safe
TRIP_0014,2025-01-08 17:03:05,48.24,1.38,1.42,0.0,1836.13,33.13,4.52,2.09,Safe
